﻿{"frames": {

"Bodies0000":
{
	"frame": {"x":4,"y":4,"w":818,"h":84},
	"rotated": false,
	"trimmed": true,
	"spriteSourceSize": {"x":388,"y":759,"w":1600,"h":1600},
	"sourceSize": {"w":1600,"h":1600}
},
"Bodies0001":
{
	"frame": {"x":832,"y":4,"w":183,"h":256},
	"rotated": false,
	"trimmed": true,
	"spriteSourceSize": {"x":709,"y":672,"w":1600,"h":1600},
	"sourceSize": {"w":1600,"h":1600}
},
"Bodies0002":
{
	"frame": {"x":1025,"y":4,"w":117,"h":118},
	"rotated": false,
	"trimmed": true,
	"spriteSourceSize": {"x":742,"y":741,"w":1600,"h":1600},
	"sourceSize": {"w":1600,"h":1600}
},
"Bodies0003":
{
	"frame": {"x":1152,"y":4,"w":285,"h":287},
	"rotated": false,
	"trimmed": true,
	"spriteSourceSize": {"x":656,"y":655,"w":1600,"h":1600},
	"sourceSize": {"w":1600,"h":1600}
},
"Bodies0004":
{
	"frame": {"x":1447,"y":4,"w":264,"h":288},
	"rotated": false,
	"trimmed": true,
	"spriteSourceSize": {"x":653,"y":657,"w":1600,"h":1600},
	"sourceSize": {"w":1600,"h":1600}
},
"Bodies0005":
{
	"frame": {"x":1721,"y":4,"w":289,"h":303},
	"rotated": false,
	"trimmed": true,
	"spriteSourceSize": {"x":642,"y":661,"w":1600,"h":1600},
	"sourceSize": {"w":1600,"h":1600}
},
"Bodies0006":
{
	"frame": {"x":2020,"y":4,"w":264,"h":267},
	"rotated": false,
	"trimmed": true,
	"spriteSourceSize": {"x":653,"y":678,"w":1600,"h":1600},
	"sourceSize": {"w":1600,"h":1600}
},
"Bodies0007":
{
	"frame": {"x":2294,"y":4,"w":397,"h":401},
	"rotated": false,
	"trimmed": true,
	"spriteSourceSize": {"x":596,"y":600,"w":1600,"h":1600},
	"sourceSize": {"w":1600,"h":1600}
},
"Bodies0008":
{
	"frame": {"x":2701,"y":4,"w":245,"h":225},
	"rotated": false,
	"trimmed": true,
	"spriteSourceSize": {"x":678,"y":686,"w":1600,"h":1600},
	"sourceSize": {"w":1600,"h":1600}
},
"Bodies0009":
{
	"frame": {"x":2956,"y":4,"w":90,"h":230},
	"rotated": false,
	"trimmed": true,
	"spriteSourceSize": {"x":760,"y":685,"w":1600,"h":1600},
	"sourceSize": {"w":1600,"h":1600}
},
"Bodies0010":
{
	"frame": {"x":3056,"y":4,"w":380,"h":365},
	"rotated": false,
	"trimmed": true,
	"spriteSourceSize": {"x":609,"y":616,"w":1600,"h":1600},
	"sourceSize": {"w":1600,"h":1600}
},
"Bodies0011":
{
	"frame": {"x":3446,"y":4,"w":280,"h":325},
	"rotated": false,
	"trimmed": true,
	"spriteSourceSize": {"x":659,"y":636,"w":1600,"h":1600},
	"sourceSize": {"w":1600,"h":1600}
},
"Bodies0012":
{
	"frame": {"x":3736,"y":4,"w":323,"h":375},
	"rotated": false,
	"trimmed": true,
	"spriteSourceSize": {"x":637,"y":607,"w":1600,"h":1600},
	"sourceSize": {"w":1600,"h":1600}
},
"Bodies0013":
{
	"frame": {"x":4,"y":415,"w":323,"h":384},
	"rotated": false,
	"trimmed": true,
	"spriteSourceSize": {"x":637,"y":598,"w":1600,"h":1600},
	"sourceSize": {"w":1600,"h":1600}
},
"Bodies0014":
{
	"frame": {"x":337,"y":415,"w":323,"h":380},
	"rotated": false,
	"trimmed": true,
	"spriteSourceSize": {"x":637,"y":602,"w":1600,"h":1600},
	"sourceSize": {"w":1600,"h":1600}
},
"Bodies0015":
{
	"frame": {"x":670,"y":415,"w":323,"h":377},
	"rotated": false,
	"trimmed": true,
	"spriteSourceSize": {"x":637,"y":605,"w":1600,"h":1600},
	"sourceSize": {"w":1600,"h":1600}
},
"Bodies0016":
{
	"frame": {"x":1003,"y":415,"w":323,"h":373},
	"rotated": false,
	"trimmed": true,
	"spriteSourceSize": {"x":637,"y":609,"w":1600,"h":1600},
	"sourceSize": {"w":1600,"h":1600}
},
"Bodies0017":
{
	"frame": {"x":1336,"y":415,"w":323,"h":372},
	"rotated": false,
	"trimmed": true,
	"spriteSourceSize": {"x":637,"y":610,"w":1600,"h":1600},
	"sourceSize": {"w":1600,"h":1600}
},
"Bodies0018":
{
	"frame": {"x":1669,"y":415,"w":323,"h":372},
	"rotated": false,
	"trimmed": true,
	"spriteSourceSize": {"x":637,"y":610,"w":1600,"h":1600},
	"sourceSize": {"w":1600,"h":1600}
},
"Bodies0019":
{
	"frame": {"x":2002,"y":415,"w":323,"h":373},
	"rotated": false,
	"trimmed": true,
	"spriteSourceSize": {"x":637,"y":609,"w":1600,"h":1600},
	"sourceSize": {"w":1600,"h":1600}
},
"Bodies0020":
{
	"frame": {"x":2335,"y":415,"w":323,"h":374},
	"rotated": false,
	"trimmed": true,
	"spriteSourceSize": {"x":637,"y":608,"w":1600,"h":1600},
	"sourceSize": {"w":1600,"h":1600}
},
"Bodies0021":
{
	"frame": {"x":2668,"y":415,"w":324,"h":376},
	"rotated": false,
	"trimmed": true,
	"spriteSourceSize": {"x":637,"y":606,"w":1600,"h":1600},
	"sourceSize": {"w":1600,"h":1600}
},
"Bodies0022":
{
	"frame": {"x":3002,"y":415,"w":324,"h":381},
	"rotated": false,
	"trimmed": true,
	"spriteSourceSize": {"x":637,"y":601,"w":1600,"h":1600},
	"sourceSize": {"w":1600,"h":1600}
},
"Bodies0023":
{
	"frame": {"x":3336,"y":415,"w":324,"h":385},
	"rotated": false,
	"trimmed": true,
	"spriteSourceSize": {"x":637,"y":597,"w":1600,"h":1600},
	"sourceSize": {"w":1600,"h":1600}
},
"Bodies0024":
{
	"frame": {"x":3670,"y":415,"w":323,"h":391},
	"rotated": false,
	"trimmed": true,
	"spriteSourceSize": {"x":637,"y":591,"w":1600,"h":1600},
	"sourceSize": {"w":1600,"h":1600}
},
"Bodies0025":
{
	"frame": {"x":4,"y":816,"w":323,"h":392},
	"rotated": false,
	"trimmed": true,
	"spriteSourceSize": {"x":637,"y":590,"w":1600,"h":1600},
	"sourceSize": {"w":1600,"h":1600}
},
"Bodies0026":
{
	"frame": {"x":337,"y":816,"w":323,"h":394},
	"rotated": false,
	"trimmed": true,
	"spriteSourceSize": {"x":637,"y":588,"w":1600,"h":1600},
	"sourceSize": {"w":1600,"h":1600}
},
"Bodies0027":
{
	"frame": {"x":670,"y":816,"w":323,"h":389},
	"rotated": false,
	"trimmed": true,
	"spriteSourceSize": {"x":637,"y":593,"w":1600,"h":1600},
	"sourceSize": {"w":1600,"h":1600}
},
"Bodies0028":
{
	"frame": {"x":1003,"y":816,"w":323,"h":383},
	"rotated": false,
	"trimmed": true,
	"spriteSourceSize": {"x":637,"y":599,"w":1600,"h":1600},
	"sourceSize": {"w":1600,"h":1600}
},
"Bodies0029":
{
	"frame": {"x":1336,"y":816,"w":323,"h":379},
	"rotated": false,
	"trimmed": true,
	"spriteSourceSize": {"x":637,"y":603,"w":1600,"h":1600},
	"sourceSize": {"w":1600,"h":1600}
},
"Bodies0030":
{
	"frame": {"x":1669,"y":816,"w":401,"h":390},
	"rotated": false,
	"trimmed": true,
	"spriteSourceSize": {"x":598,"y":606,"w":1600,"h":1600},
	"sourceSize": {"w":1600,"h":1600}
},
"Bodies0031":
{
	"frame": {"x":2080,"y":816,"w":49,"h":235},
	"rotated": false,
	"trimmed": true,
	"spriteSourceSize": {"x":776,"y":683,"w":1600,"h":1600},
	"sourceSize": {"w":1600,"h":1600}
},
"Bodies0032":
{
	"frame": {"x":2139,"y":816,"w":178,"h":315},
	"rotated": false,
	"trimmed": true,
	"spriteSourceSize": {"x":711,"y":571,"w":1600,"h":1600},
	"sourceSize": {"w":1600,"h":1600}
},
"Bodies0033":
{
	"frame": {"x":2327,"y":816,"w":255,"h":255},
	"rotated": false,
	"trimmed": true,
	"spriteSourceSize": {"x":671,"y":671,"w":1600,"h":1600},
	"sourceSize": {"w":1600,"h":1600}
},
"Bodies0034":
{
	"frame": {"x":2592,"y":816,"w":292,"h":301},
	"rotated": false,
	"trimmed": true,
	"spriteSourceSize": {"x":653,"y":648,"w":1600,"h":1600},
	"sourceSize": {"w":1600,"h":1600}
},
"Bodies0035":
{
	"frame": {"x":2894,"y":816,"w":308,"h":306},
	"rotated": false,
	"trimmed": true,
	"spriteSourceSize": {"x":646,"y":645,"w":1600,"h":1600},
	"sourceSize": {"w":1600,"h":1600}
},
"Bodies0036":
{
	"frame": {"x":3212,"y":816,"w":263,"h":262},
	"rotated": false,
	"trimmed": true,
	"spriteSourceSize": {"x":667,"y":666,"w":1600,"h":1600},
	"sourceSize": {"w":1600,"h":1600}
},
"Bodies0037":
{
	"frame": {"x":3485,"y":816,"w":225,"h":365},
	"rotated": false,
	"trimmed": true,
	"spriteSourceSize": {"x":686,"y":614,"w":1600,"h":1600},
	"sourceSize": {"w":1600,"h":1600}
},
"Bodies0038":
{
	"frame": {"x":3720,"y":816,"w":124,"h":501},
	"rotated": false,
	"trimmed": true,
	"spriteSourceSize": {"x":737,"y":548,"w":1600,"h":1600},
	"sourceSize": {"w":1600,"h":1600}
},
"Bodies0039":
{
	"frame": {"x":3854,"y":816,"w":92,"h":508},
	"rotated": false,
	"trimmed": true,
	"spriteSourceSize": {"x":753,"y":547,"w":1600,"h":1600},
	"sourceSize": {"w":1600,"h":1600}
},
"Bodies0040":
{
	"frame": {"x":3956,"y":816,"w":117,"h":499},
	"rotated": false,
	"trimmed": true,
	"spriteSourceSize": {"x":744,"y":549,"w":1600,"h":1600},
	"sourceSize": {"w":1600,"h":1600}
},
"Bodies0041":
{
	"frame": {"x":4,"y":1334,"w":103,"h":509},
	"rotated": false,
	"trimmed": true,
	"spriteSourceSize": {"x":747,"y":544,"w":1600,"h":1600},
	"sourceSize": {"w":1600,"h":1600}
},
"Bodies0042":
{
	"frame": {"x":117,"y":1334,"w":268,"h":425},
	"rotated": false,
	"trimmed": true,
	"spriteSourceSize": {"x":665,"y":582,"w":1600,"h":1600},
	"sourceSize": {"w":1600,"h":1600}
},
"Bodies0043":
{
	"frame": {"x":395,"y":1334,"w":268,"h":425},
	"rotated": false,
	"trimmed": true,
	"spriteSourceSize": {"x":665,"y":582,"w":1600,"h":1600},
	"sourceSize": {"w":1600,"h":1600}
},
"Bodies0044":
{
	"frame": {"x":673,"y":1334,"w":263,"h":400},
	"rotated": false,
	"trimmed": true,
	"spriteSourceSize": {"x":667,"y":585,"w":1600,"h":1600},
	"sourceSize": {"w":1600,"h":1600}
},
"Bodies0045":
{
	"frame": {"x":946,"y":1334,"w":306,"h":183},
	"rotated": false,
	"trimmed": true,
	"spriteSourceSize": {"x":645,"y":707,"w":1600,"h":1600},
	"sourceSize": {"w":1600,"h":1600}
},
"Bodies0046":
{
	"frame": {"x":1262,"y":1334,"w":417,"h":417},
	"rotated": false,
	"trimmed": true,
	"spriteSourceSize": {"x":590,"y":590,"w":1600,"h":1600},
	"sourceSize": {"w":1600,"h":1600}
},
"Bodies0047":
{
	"frame": {"x":1689,"y":1334,"w":194,"h":309},
	"rotated": false,
	"trimmed": true,
	"spriteSourceSize": {"x":702,"y":641,"w":1600,"h":1600},
	"sourceSize": {"w":1600,"h":1600}
},
"Bodies0048":
{
	"frame": {"x":1893,"y":1334,"w":212,"h":357},
	"rotated": false,
	"trimmed": true,
	"spriteSourceSize": {"x":697,"y":601,"w":1600,"h":1600},
	"sourceSize": {"w":1600,"h":1600}
},
"Bodies0049":
{
	"frame": {"x":2115,"y":1334,"w":323,"h":337},
	"rotated": false,
	"trimmed": true,
	"spriteSourceSize": {"x":637,"y":630,"w":1600,"h":1600},
	"sourceSize": {"w":1600,"h":1600}
},
"Bodies0050":
{
	"frame": {"x":2448,"y":1334,"w":312,"h":340},
	"rotated": false,
	"trimmed": true,
	"spriteSourceSize": {"x":648,"y":630,"w":1600,"h":1600},
	"sourceSize": {"w":1600,"h":1600}
},
"Bodies0051":
{
	"frame": {"x":2770,"y":1334,"w":323,"h":341},
	"rotated": false,
	"trimmed": true,
	"spriteSourceSize": {"x":637,"y":628,"w":1600,"h":1600},
	"sourceSize": {"w":1600,"h":1600}
},
"Bodies0052":
{
	"frame": {"x":3103,"y":1334,"w":293,"h":351},
	"rotated": false,
	"trimmed": true,
	"spriteSourceSize": {"x":652,"y":617,"w":1600,"h":1600},
	"sourceSize": {"w":1600,"h":1600}
},
"Bodies0053":
{
	"frame": {"x":3406,"y":1334,"w":209,"h":321},
	"rotated": false,
	"trimmed": true,
	"spriteSourceSize": {"x":700,"y":641,"w":1600,"h":1600},
	"sourceSize": {"w":1600,"h":1600}
},
"Bodies0054":
{
	"frame": {"x":4,"y":1853,"w":807,"h":501},
	"rotated": false,
	"trimmed": true,
	"spriteSourceSize": {"x":395,"y":548,"w":1600,"h":1600},
	"sourceSize": {"w":1600,"h":1600}
},
"Bodies0055":
{
	"frame": {"x":821,"y":1853,"w":482,"h":533},
	"rotated": false,
	"trimmed": true,
	"spriteSourceSize": {"x":560,"y":535,"w":1600,"h":1600},
	"sourceSize": {"w":1600,"h":1600}
},
"Bodies0056":
{
	"frame": {"x":1313,"y":1853,"w":405,"h":401},
	"rotated": false,
	"trimmed": true,
	"spriteSourceSize": {"x":597,"y":601,"w":1600,"h":1600},
	"sourceSize": {"w":1600,"h":1600}
},
"Bodies0057":
{
	"frame": {"x":1728,"y":1853,"w":507,"h":507},
	"rotated": false,
	"trimmed": true,
	"spriteSourceSize": {"x":543,"y":539,"w":1600,"h":1600},
	"sourceSize": {"w":1600,"h":1600}
},
"Bodies0058":
{
	"frame": {"x":2245,"y":1853,"w":400,"h":400},
	"rotated": false,
	"trimmed": true,
	"spriteSourceSize": {"x":600,"y":600,"w":1600,"h":1600},
	"sourceSize": {"w":1600,"h":1600}
},
"Bodies0059":
{
	"frame": {"x":2655,"y":1853,"w":238,"h":197},
	"rotated": false,
	"trimmed": true,
	"spriteSourceSize": {"x":667,"y":710,"w":1600,"h":1600},
	"sourceSize": {"w":1600,"h":1600}
},
"Bodies0060":
{
	"frame": {"x":2903,"y":1853,"w":385,"h":222},
	"rotated": false,
	"trimmed": true,
	"spriteSourceSize": {"x":667,"y":714,"w":1600,"h":1600},
	"sourceSize": {"w":1600,"h":1600}
},
"Bodies0061":
{
	"frame": {"x":3298,"y":1853,"w":232,"h":194},
	"rotated": false,
	"trimmed": true,
	"spriteSourceSize": {"x":667,"y":714,"w":1600,"h":1600},
	"sourceSize": {"w":1600,"h":1600}
},
"Bodies0062":
{
	"frame": {"x":3540,"y":1853,"w":184,"h":206},
	"rotated": false,
	"trimmed": true,
	"spriteSourceSize": {"x":868,"y":730,"w":1600,"h":1600},
	"sourceSize": {"w":1600,"h":1600}
},
"Bodies0063":
{
	"frame": {"x":4,"y":2396,"w":385,"h":220},
	"rotated": false,
	"trimmed": true,
	"spriteSourceSize": {"x":667,"y":717,"w":1600,"h":1600},
	"sourceSize": {"w":1600,"h":1600}
},
"Bodies0064":
{
	"frame": {"x":399,"y":2396,"w":385,"h":223},
	"rotated": false,
	"trimmed": true,
	"spriteSourceSize": {"x":667,"y":716,"w":1600,"h":1600},
	"sourceSize": {"w":1600,"h":1600}
},
"Bodies0065":
{
	"frame": {"x":794,"y":2396,"w":216,"h":244},
	"rotated": false,
	"trimmed": true,
	"spriteSourceSize": {"x":683,"y":680,"w":1600,"h":1600},
	"sourceSize": {"w":1600,"h":1600}
},
"Bodies0066":
{
	"frame": {"x":1020,"y":2396,"w":285,"h":326},
	"rotated": false,
	"trimmed": true,
	"spriteSourceSize": {"x":682,"y":655,"w":1600,"h":1600},
	"sourceSize": {"w":1600,"h":1600}
},
"Bodies0067":
{
	"frame": {"x":1315,"y":2396,"w":38,"h":330},
	"rotated": false,
	"trimmed": true,
	"spriteSourceSize": {"x":781,"y":635,"w":1600,"h":1600},
	"sourceSize": {"w":1600,"h":1600}
},
"Bodies0068":
{
	"frame": {"x":1363,"y":2396,"w":400,"h":400},
	"rotated": false,
	"trimmed": true,
	"spriteSourceSize": {"x":600,"y":600,"w":1600,"h":1600},
	"sourceSize": {"w":1600,"h":1600}
},
"Bodies0069":
{
	"frame": {"x":1773,"y":2396,"w":139,"h":332},
	"rotated": false,
	"trimmed": true,
	"spriteSourceSize": {"x":731,"y":634,"w":1600,"h":1600},
	"sourceSize": {"w":1600,"h":1600}
},
"Bodies0070":
{
	"frame": {"x":1922,"y":2396,"w":1600,"h":1600},
	"rotated": false,
	"trimmed": false,
	"spriteSourceSize": {"x":0,"y":0,"w":1600,"h":1600},
	"sourceSize": {"w":1600,"h":1600}
}},
"meta": {
	"app": "Adobe Animate",
	"version": "24.0.0.305",
	"image": "1.png",
	"format": "RGBA8888",
	"size": {"w":4096,"h":4096},
	"scale": "2"
}
}
