﻿{"frames": {

"MouthsCostume210000":
{
	"frame": {"x":4,"y":4,"w":35,"h":34},
	"rotated": false,
	"trimmed": true,
	"spriteSourceSize": {"x":132,"y":116,"w":300,"h":300},
	"sourceSize": {"w":300,"h":300}
},
"MouthsCostume210001":
{
	"frame": {"x":43,"y":4,"w":93,"h":36},
	"rotated": false,
	"trimmed": true,
	"spriteSourceSize": {"x":99,"y":116,"w":300,"h":300},
	"sourceSize": {"w":300,"h":300}
},
"MouthsCostume210002":
{
	"frame": {"x":140,"y":4,"w":89,"h":43},
	"rotated": false,
	"trimmed": true,
	"spriteSourceSize": {"x":110,"y":119,"w":300,"h":300},
	"sourceSize": {"w":300,"h":300}
},
"MouthsCostume210003":
{
	"frame": {"x":233,"y":4,"w":94,"h":76},
	"rotated": false,
	"trimmed": true,
	"spriteSourceSize": {"x":99,"y":99,"w":300,"h":300},
	"sourceSize": {"w":300,"h":300}
},
"MouthsCostume210004":
{
	"frame": {"x":331,"y":4,"w":106,"h":54},
	"rotated": false,
	"trimmed": true,
	"spriteSourceSize": {"x":94,"y":113,"w":300,"h":300},
	"sourceSize": {"w":300,"h":300}
},
"MouthsCostume210005":
{
	"frame": {"x":441,"y":4,"w":109,"h":60},
	"rotated": false,
	"trimmed": true,
	"spriteSourceSize": {"x":91,"y":113,"w":300,"h":300},
	"sourceSize": {"w":300,"h":300}
},
"MouthsCostume210006":
{
	"frame": {"x":554,"y":4,"w":109,"h":68},
	"rotated": false,
	"trimmed": true,
	"spriteSourceSize": {"x":91,"y":110,"w":300,"h":300},
	"sourceSize": {"w":300,"h":300}
},
"MouthsCostume210007":
{
	"frame": {"x":667,"y":4,"w":103,"h":83},
	"rotated": false,
	"trimmed": true,
	"spriteSourceSize": {"x":101,"y":101,"w":300,"h":300},
	"sourceSize": {"w":300,"h":300}
},
"MouthsCostume210008":
{
	"frame": {"x":774,"y":4,"w":94,"h":76},
	"rotated": false,
	"trimmed": true,
	"spriteSourceSize": {"x":99,"y":99,"w":300,"h":300},
	"sourceSize": {"w":300,"h":300}
},
"MouthsCostume210009":
{
	"frame": {"x":872,"y":4,"w":111,"h":53},
	"rotated": false,
	"trimmed": true,
	"spriteSourceSize": {"x":94,"y":113,"w":300,"h":300},
	"sourceSize": {"w":300,"h":300}
},
"MouthsCostume210010":
{
	"frame": {"x":4,"y":91,"w":103,"h":83},
	"rotated": false,
	"trimmed": true,
	"spriteSourceSize": {"x":101,"y":101,"w":300,"h":300},
	"sourceSize": {"w":300,"h":300}
},
"MouthsCostume210011":
{
	"frame": {"x":111,"y":91,"w":111,"h":46},
	"rotated": false,
	"trimmed": true,
	"spriteSourceSize": {"x":94,"y":113,"w":300,"h":300},
	"sourceSize": {"w":300,"h":300}
},
"MouthsCostume210012":
{
	"frame": {"x":226,"y":91,"w":99,"h":13},
	"rotated": false,
	"trimmed": true,
	"spriteSourceSize": {"x":101,"y":126,"w":300,"h":300},
	"sourceSize": {"w":300,"h":300}
},
"MouthsCostume210013":
{
	"frame": {"x":329,"y":91,"w":42,"h":41},
	"rotated": false,
	"trimmed": true,
	"spriteSourceSize": {"x":155,"y":114,"w":300,"h":300},
	"sourceSize": {"w":300,"h":300}
},
"MouthsCostume210014":
{
	"frame": {"x":375,"y":91,"w":33,"h":32},
	"rotated": false,
	"trimmed": true,
	"spriteSourceSize": {"x":170,"y":113,"w":300,"h":300},
	"sourceSize": {"w":300,"h":300}
},
"MouthsCostume210015":
{
	"frame": {"x":412,"y":91,"w":94,"h":40},
	"rotated": false,
	"trimmed": true,
	"spriteSourceSize": {"x":99,"y":118,"w":300,"h":300},
	"sourceSize": {"w":300,"h":300}
},
"MouthsCostume210016":
{
	"frame": {"x":510,"y":91,"w":81,"h":43},
	"rotated": false,
	"trimmed": true,
	"spriteSourceSize": {"x":112,"y":116,"w":300,"h":300},
	"sourceSize": {"w":300,"h":300}
},
"MouthsCostume210017":
{
	"frame": {"x":595,"y":91,"w":94,"h":76},
	"rotated": false,
	"trimmed": true,
	"spriteSourceSize": {"x":99,"y":99,"w":300,"h":300},
	"sourceSize": {"w":300,"h":300}
},
"MouthsCostume210018":
{
	"frame": {"x":693,"y":91,"w":64,"h":35},
	"rotated": false,
	"trimmed": true,
	"spriteSourceSize": {"x":105,"y":119,"w":300,"h":300},
	"sourceSize": {"w":300,"h":300}
},
"MouthsCostume210019":
{
	"frame": {"x":761,"y":91,"w":72,"h":35},
	"rotated": false,
	"trimmed": true,
	"spriteSourceSize": {"x":143,"y":116,"w":300,"h":300},
	"sourceSize": {"w":300,"h":300}
},
"MouthsCostume210020":
{
	"frame": {"x":837,"y":91,"w":99,"h":56},
	"rotated": false,
	"trimmed": true,
	"spriteSourceSize": {"x":102,"y":111,"w":300,"h":300},
	"sourceSize": {"w":300,"h":300}
},
"MouthsCostume210021":
{
	"frame": {"x":4,"y":178,"w":99,"h":56},
	"rotated": false,
	"trimmed": true,
	"spriteSourceSize": {"x":102,"y":111,"w":300,"h":300},
	"sourceSize": {"w":300,"h":300}
},
"MouthsCostume210022":
{
	"frame": {"x":107,"y":178,"w":100,"h":68},
	"rotated": false,
	"trimmed": true,
	"spriteSourceSize": {"x":101,"y":111,"w":300,"h":300},
	"sourceSize": {"w":300,"h":300}
},
"MouthsCostume210023":
{
	"frame": {"x":211,"y":178,"w":102,"h":92},
	"rotated": false,
	"trimmed": true,
	"spriteSourceSize": {"x":101,"y":101,"w":300,"h":300},
	"sourceSize": {"w":300,"h":300}
},
"MouthsCostume210024":
{
	"frame": {"x":317,"y":178,"w":94,"h":76},
	"rotated": false,
	"trimmed": true,
	"spriteSourceSize": {"x":99,"y":99,"w":300,"h":300},
	"sourceSize": {"w":300,"h":300}
},
"MouthsCostume210025":
{
	"frame": {"x":415,"y":178,"w":71,"h":52},
	"rotated": false,
	"trimmed": true,
	"spriteSourceSize": {"x":99,"y":109,"w":300,"h":300},
	"sourceSize": {"w":300,"h":300}
},
"MouthsCostume210026":
{
	"frame": {"x":490,"y":178,"w":101,"h":49},
	"rotated": false,
	"trimmed": true,
	"spriteSourceSize": {"x":102,"y":111,"w":300,"h":300},
	"sourceSize": {"w":300,"h":300}
},
"MouthsCostume210027":
{
	"frame": {"x":595,"y":178,"w":102,"h":94},
	"rotated": false,
	"trimmed": true,
	"spriteSourceSize": {"x":101,"y":100,"w":300,"h":300},
	"sourceSize": {"w":300,"h":300}
},
"MouthsCostume210028":
{
	"frame": {"x":701,"y":178,"w":123,"h":75},
	"rotated": false,
	"trimmed": true,
	"spriteSourceSize": {"x":98,"y":99,"w":300,"h":300},
	"sourceSize": {"w":300,"h":300}
},
"MouthsCostume210029":
{
	"frame": {"x":828,"y":178,"w":99,"h":33},
	"rotated": false,
	"trimmed": true,
	"spriteSourceSize": {"x":103,"y":114,"w":300,"h":300},
	"sourceSize": {"w":300,"h":300}
},
"MouthsCostume210030":
{
	"frame": {"x":931,"y":178,"w":59,"h":40},
	"rotated": false,
	"trimmed": true,
	"spriteSourceSize": {"x":152,"y":115,"w":300,"h":300},
	"sourceSize": {"w":300,"h":300}
},
"MouthsCostume210031":
{
	"frame": {"x":4,"y":276,"w":102,"h":44},
	"rotated": false,
	"trimmed": true,
	"spriteSourceSize": {"x":102,"y":116,"w":300,"h":300},
	"sourceSize": {"w":300,"h":300}
},
"MouthsCostume210032":
{
	"frame": {"x":110,"y":276,"w":300,"h":300},
	"rotated": false,
	"trimmed": false,
	"spriteSourceSize": {"x":0,"y":0,"w":300,"h":300},
	"sourceSize": {"w":300,"h":300}
}},
"meta": {
	"app": "Adobe Animate",
	"version": "24.0.0.305",
	"image": "MouthsCostume21.png",
	"format": "RGBA8888",
	"size": {"w":1024,"h":1024},
	"scale": "1.5"
}
}
