﻿{"frames": {

"MouthCostumeGiantExport0000":
{
	"frame": {"x":4,"y":4,"w":33,"h":32},
	"rotated": false,
	"trimmed": true,
	"spriteSourceSize": {"x":123,"y":108,"w":280,"h":280},
	"sourceSize": {"w":280,"h":280}
},
"MouthCostumeGiantExport0001":
{
	"frame": {"x":41,"y":4,"w":87,"h":34},
	"rotated": false,
	"trimmed": true,
	"spriteSourceSize": {"x":93,"y":108,"w":280,"h":280},
	"sourceSize": {"w":280,"h":280}
},
"MouthCostumeGiantExport0002":
{
	"frame": {"x":132,"y":4,"w":82,"h":40},
	"rotated": false,
	"trimmed": true,
	"spriteSourceSize": {"x":103,"y":111,"w":280,"h":280},
	"sourceSize": {"w":280,"h":280}
},
"MouthCostumeGiantExport0003":
{
	"frame": {"x":218,"y":4,"w":87,"h":72},
	"rotated": false,
	"trimmed": true,
	"spriteSourceSize": {"x":93,"y":92,"w":280,"h":280},
	"sourceSize": {"w":280,"h":280}
},
"MouthCostumeGiantExport0004":
{
	"frame": {"x":309,"y":4,"w":99,"h":51},
	"rotated": false,
	"trimmed": true,
	"spriteSourceSize": {"x":88,"y":105,"w":280,"h":280},
	"sourceSize": {"w":280,"h":280}
},
"MouthCostumeGiantExport0005":
{
	"frame": {"x":412,"y":4,"w":102,"h":57},
	"rotated": false,
	"trimmed": true,
	"spriteSourceSize": {"x":85,"y":105,"w":280,"h":280},
	"sourceSize": {"w":280,"h":280}
},
"MouthCostumeGiantExport0006":
{
	"frame": {"x":518,"y":4,"w":102,"h":63},
	"rotated": false,
	"trimmed": true,
	"spriteSourceSize": {"x":85,"y":103,"w":280,"h":280},
	"sourceSize": {"w":280,"h":280}
},
"MouthCostumeGiantExport0007":
{
	"frame": {"x":624,"y":4,"w":96,"h":78},
	"rotated": false,
	"trimmed": true,
	"spriteSourceSize": {"x":95,"y":94,"w":280,"h":280},
	"sourceSize": {"w":280,"h":280}
},
"MouthCostumeGiantExport0008":
{
	"frame": {"x":724,"y":4,"w":87,"h":72},
	"rotated": false,
	"trimmed": true,
	"spriteSourceSize": {"x":93,"y":92,"w":280,"h":280},
	"sourceSize": {"w":280,"h":280}
},
"MouthCostumeGiantExport0009":
{
	"frame": {"x":815,"y":4,"w":104,"h":50},
	"rotated": false,
	"trimmed": true,
	"spriteSourceSize": {"x":88,"y":105,"w":280,"h":280},
	"sourceSize": {"w":280,"h":280}
},
"MouthCostumeGiantExport0010":
{
	"frame": {"x":923,"y":4,"w":96,"h":78},
	"rotated": false,
	"trimmed": true,
	"spriteSourceSize": {"x":95,"y":94,"w":280,"h":280},
	"sourceSize": {"w":280,"h":280}
},
"MouthCostumeGiantExport0011":
{
	"frame": {"x":4,"y":86,"w":103,"h":43},
	"rotated": false,
	"trimmed": true,
	"spriteSourceSize": {"x":88,"y":105,"w":280,"h":280},
	"sourceSize": {"w":280,"h":280}
},
"MouthCostumeGiantExport0012":
{
	"frame": {"x":111,"y":86,"w":93,"h":12},
	"rotated": false,
	"trimmed": true,
	"spriteSourceSize": {"x":94,"y":118,"w":280,"h":280},
	"sourceSize": {"w":280,"h":280}
},
"MouthCostumeGiantExport0013":
{
	"frame": {"x":208,"y":86,"w":39,"h":38},
	"rotated": false,
	"trimmed": true,
	"spriteSourceSize": {"x":145,"y":107,"w":280,"h":280},
	"sourceSize": {"w":280,"h":280}
},
"MouthCostumeGiantExport0014":
{
	"frame": {"x":251,"y":86,"w":30,"h":30},
	"rotated": false,
	"trimmed": true,
	"spriteSourceSize": {"x":159,"y":105,"w":280,"h":280},
	"sourceSize": {"w":280,"h":280}
},
"MouthCostumeGiantExport0015":
{
	"frame": {"x":285,"y":86,"w":87,"h":38},
	"rotated": false,
	"trimmed": true,
	"spriteSourceSize": {"x":93,"y":110,"w":280,"h":280},
	"sourceSize": {"w":280,"h":280}
},
"MouthCostumeGiantExport0016":
{
	"frame": {"x":376,"y":86,"w":75,"h":40},
	"rotated": false,
	"trimmed": true,
	"spriteSourceSize": {"x":105,"y":108,"w":280,"h":280},
	"sourceSize": {"w":280,"h":280}
},
"MouthCostumeGiantExport0017":
{
	"frame": {"x":455,"y":86,"w":87,"h":72},
	"rotated": false,
	"trimmed": true,
	"spriteSourceSize": {"x":93,"y":92,"w":280,"h":280},
	"sourceSize": {"w":280,"h":280}
},
"MouthCostumeGiantExport0018":
{
	"frame": {"x":546,"y":86,"w":60,"h":33},
	"rotated": false,
	"trimmed": true,
	"spriteSourceSize": {"x":98,"y":111,"w":280,"h":280},
	"sourceSize": {"w":280,"h":280}
},
"MouthCostumeGiantExport0019":
{
	"frame": {"x":610,"y":86,"w":68,"h":32},
	"rotated": false,
	"trimmed": true,
	"spriteSourceSize": {"x":133,"y":109,"w":280,"h":280},
	"sourceSize": {"w":280,"h":280}
},
"MouthCostumeGiantExport0020":
{
	"frame": {"x":682,"y":86,"w":93,"h":52},
	"rotated": false,
	"trimmed": true,
	"spriteSourceSize": {"x":95,"y":104,"w":280,"h":280},
	"sourceSize": {"w":280,"h":280}
},
"MouthCostumeGiantExport0021":
{
	"frame": {"x":779,"y":86,"w":93,"h":52},
	"rotated": false,
	"trimmed": true,
	"spriteSourceSize": {"x":95,"y":104,"w":280,"h":280},
	"sourceSize": {"w":280,"h":280}
},
"MouthCostumeGiantExport0022":
{
	"frame": {"x":876,"y":86,"w":94,"h":63},
	"rotated": false,
	"trimmed": true,
	"spriteSourceSize": {"x":94,"y":104,"w":280,"h":280},
	"sourceSize": {"w":280,"h":280}
},
"MouthCostumeGiantExport0023":
{
	"frame": {"x":4,"y":162,"w":94,"h":86},
	"rotated": false,
	"trimmed": true,
	"spriteSourceSize": {"x":95,"y":94,"w":280,"h":280},
	"sourceSize": {"w":280,"h":280}
},
"MouthCostumeGiantExport0024":
{
	"frame": {"x":102,"y":162,"w":87,"h":72},
	"rotated": false,
	"trimmed": true,
	"spriteSourceSize": {"x":93,"y":92,"w":280,"h":280},
	"sourceSize": {"w":280,"h":280}
},
"MouthCostumeGiantExport0025":
{
	"frame": {"x":193,"y":162,"w":66,"h":48},
	"rotated": false,
	"trimmed": true,
	"spriteSourceSize": {"x":93,"y":102,"w":280,"h":280},
	"sourceSize": {"w":280,"h":280}
},
"MouthCostumeGiantExport0026":
{
	"frame": {"x":263,"y":162,"w":94,"h":45},
	"rotated": false,
	"trimmed": true,
	"spriteSourceSize": {"x":95,"y":104,"w":280,"h":280},
	"sourceSize": {"w":280,"h":280}
},
"MouthCostumeGiantExport0027":
{
	"frame": {"x":361,"y":162,"w":96,"h":88},
	"rotated": false,
	"trimmed": true,
	"spriteSourceSize": {"x":94,"y":93,"w":280,"h":280},
	"sourceSize": {"w":280,"h":280}
},
"MouthCostumeGiantExport0028":
{
	"frame": {"x":461,"y":162,"w":114,"h":71},
	"rotated": false,
	"trimmed": true,
	"spriteSourceSize": {"x":92,"y":92,"w":280,"h":280},
	"sourceSize": {"w":280,"h":280}
},
"MouthCostumeGiantExport0029":
{
	"frame": {"x":579,"y":162,"w":93,"h":31},
	"rotated": false,
	"trimmed": true,
	"spriteSourceSize": {"x":96,"y":106,"w":280,"h":280},
	"sourceSize": {"w":280,"h":280}
},
"MouthCostumeGiantExport0030":
{
	"frame": {"x":676,"y":162,"w":55,"h":36},
	"rotated": false,
	"trimmed": true,
	"spriteSourceSize": {"x":142,"y":108,"w":280,"h":280},
	"sourceSize": {"w":280,"h":280}
},
"MouthCostumeGiantExport0031":
{
	"frame": {"x":735,"y":162,"w":95,"h":41},
	"rotated": false,
	"trimmed": true,
	"spriteSourceSize": {"x":95,"y":109,"w":280,"h":280},
	"sourceSize": {"w":280,"h":280}
},
"MouthCostumeGiantExport0032":
{
	"frame": {"x":4,"y":254,"w":280,"h":280},
	"rotated": false,
	"trimmed": false,
	"spriteSourceSize": {"x":0,"y":0,"w":280,"h":280},
	"sourceSize": {"w":280,"h":280}
}},
"meta": {
	"app": "Adobe Animate",
	"version": "24.0.0.305",
	"image": "MouthsCostume20.png",
	"format": "RGBA8888",
	"size": {"w":1024,"h":1024},
	"scale": "1"
}
}
