﻿{"frames": {

"Mouth0000":
{
	"frame": {"x":4,"y":4,"w":23,"h":23},
	"rotated": false,
	"trimmed": true,
	"spriteSourceSize": {"x":88,"y":77,"w":200,"h":200},
	"sourceSize": {"w":200,"h":200}
},
"Mouth0001":
{
	"frame": {"x":31,"y":4,"w":62,"h":24},
	"rotated": false,
	"trimmed": true,
	"spriteSourceSize": {"x":66,"y":78,"w":200,"h":200},
	"sourceSize": {"w":200,"h":200}
},
"Mouth0002":
{
	"frame": {"x":97,"y":4,"w":60,"h":28},
	"rotated": false,
	"trimmed": true,
	"spriteSourceSize": {"x":73,"y":80,"w":200,"h":200},
	"sourceSize": {"w":200,"h":200}
},
"Mouth0003":
{
	"frame": {"x":161,"y":4,"w":63,"h":51},
	"rotated": false,
	"trimmed": true,
	"spriteSourceSize": {"x":66,"y":66,"w":200,"h":200},
	"sourceSize": {"w":200,"h":200}
},
"Mouth0004":
{
	"frame": {"x":228,"y":4,"w":71,"h":36},
	"rotated": false,
	"trimmed": true,
	"spriteSourceSize": {"x":63,"y":75,"w":200,"h":200},
	"sourceSize": {"w":200,"h":200}
},
"Mouth0005":
{
	"frame": {"x":303,"y":4,"w":73,"h":41},
	"rotated": false,
	"trimmed": true,
	"spriteSourceSize": {"x":61,"y":75,"w":200,"h":200},
	"sourceSize": {"w":200,"h":200}
},
"Mouth0006":
{
	"frame": {"x":380,"y":4,"w":73,"h":45},
	"rotated": false,
	"trimmed": true,
	"spriteSourceSize": {"x":61,"y":74,"w":200,"h":200},
	"sourceSize": {"w":200,"h":200}
},
"Mouth0007":
{
	"frame": {"x":4,"y":59,"w":68,"h":56},
	"rotated": false,
	"trimmed": true,
	"spriteSourceSize": {"x":68,"y":67,"w":200,"h":200},
	"sourceSize": {"w":200,"h":200}
},
"Mouth0008":
{
	"frame": {"x":76,"y":59,"w":63,"h":51},
	"rotated": false,
	"trimmed": true,
	"spriteSourceSize": {"x":66,"y":66,"w":200,"h":200},
	"sourceSize": {"w":200,"h":200}
},
"Mouth0009":
{
	"frame": {"x":143,"y":59,"w":74,"h":37},
	"rotated": false,
	"trimmed": true,
	"spriteSourceSize": {"x":63,"y":75,"w":200,"h":200},
	"sourceSize": {"w":200,"h":200}
},
"Mouth0010":
{
	"frame": {"x":221,"y":59,"w":68,"h":56},
	"rotated": false,
	"trimmed": true,
	"spriteSourceSize": {"x":68,"y":67,"w":200,"h":200},
	"sourceSize": {"w":200,"h":200}
},
"Mouth0011":
{
	"frame": {"x":293,"y":59,"w":74,"h":31},
	"rotated": false,
	"trimmed": true,
	"spriteSourceSize": {"x":63,"y":75,"w":200,"h":200},
	"sourceSize": {"w":200,"h":200}
},
"Mouth0012":
{
	"frame": {"x":371,"y":59,"w":67,"h":9},
	"rotated": false,
	"trimmed": true,
	"spriteSourceSize": {"x":67,"y":84,"w":200,"h":200},
	"sourceSize": {"w":200,"h":200}
},
"Mouth0013":
{
	"frame": {"x":442,"y":59,"w":29,"h":28},
	"rotated": false,
	"trimmed": true,
	"spriteSourceSize": {"x":103,"y":76,"w":200,"h":200},
	"sourceSize": {"w":200,"h":200}
},
"Mouth0014":
{
	"frame": {"x":475,"y":59,"w":22,"h":22},
	"rotated": false,
	"trimmed": true,
	"spriteSourceSize": {"x":113,"y":75,"w":200,"h":200},
	"sourceSize": {"w":200,"h":200}
},
"Mouth0015":
{
	"frame": {"x":4,"y":119,"w":63,"h":27},
	"rotated": false,
	"trimmed": true,
	"spriteSourceSize": {"x":66,"y":79,"w":200,"h":200},
	"sourceSize": {"w":200,"h":200}
},
"Mouth0016":
{
	"frame": {"x":71,"y":119,"w":54,"h":29},
	"rotated": false,
	"trimmed": true,
	"spriteSourceSize": {"x":75,"y":77,"w":200,"h":200},
	"sourceSize": {"w":200,"h":200}
},
"Mouth0017":
{
	"frame": {"x":129,"y":119,"w":63,"h":51},
	"rotated": false,
	"trimmed": true,
	"spriteSourceSize": {"x":66,"y":66,"w":200,"h":200},
	"sourceSize": {"w":200,"h":200}
},
"Mouth0018":
{
	"frame": {"x":196,"y":119,"w":43,"h":24},
	"rotated": false,
	"trimmed": true,
	"spriteSourceSize": {"x":70,"y":79,"w":200,"h":200},
	"sourceSize": {"w":200,"h":200}
},
"Mouth0019":
{
	"frame": {"x":243,"y":119,"w":49,"h":23},
	"rotated": false,
	"trimmed": true,
	"spriteSourceSize": {"x":95,"y":78,"w":200,"h":200},
	"sourceSize": {"w":200,"h":200}
},
"Mouth0020":
{
	"frame": {"x":296,"y":119,"w":66,"h":37},
	"rotated": false,
	"trimmed": true,
	"spriteSourceSize": {"x":68,"y":74,"w":200,"h":200},
	"sourceSize": {"w":200,"h":200}
},
"Mouth0021":
{
	"frame": {"x":366,"y":119,"w":66,"h":37},
	"rotated": false,
	"trimmed": true,
	"spriteSourceSize": {"x":68,"y":74,"w":200,"h":200},
	"sourceSize": {"w":200,"h":200}
},
"Mouth0022":
{
	"frame": {"x":436,"y":119,"w":67,"h":46},
	"rotated": false,
	"trimmed": true,
	"spriteSourceSize": {"x":67,"y":74,"w":200,"h":200},
	"sourceSize": {"w":200,"h":200}
},
"Mouth0023":
{
	"frame": {"x":4,"y":174,"w":67,"h":62},
	"rotated": false,
	"trimmed": true,
	"spriteSourceSize": {"x":68,"y":67,"w":200,"h":200},
	"sourceSize": {"w":200,"h":200}
},
"Mouth0024":
{
	"frame": {"x":75,"y":174,"w":63,"h":51},
	"rotated": false,
	"trimmed": true,
	"spriteSourceSize": {"x":66,"y":66,"w":200,"h":200},
	"sourceSize": {"w":200,"h":200}
},
"Mouth0025":
{
	"frame": {"x":142,"y":174,"w":48,"h":35},
	"rotated": false,
	"trimmed": true,
	"spriteSourceSize": {"x":66,"y":73,"w":200,"h":200},
	"sourceSize": {"w":200,"h":200}
},
"Mouth0026":
{
	"frame": {"x":194,"y":174,"w":67,"h":33},
	"rotated": false,
	"trimmed": true,
	"spriteSourceSize": {"x":68,"y":74,"w":200,"h":200},
	"sourceSize": {"w":200,"h":200}
},
"Mouth0027":
{
	"frame": {"x":265,"y":174,"w":69,"h":63},
	"rotated": false,
	"trimmed": true,
	"spriteSourceSize": {"x":67,"y":67,"w":200,"h":200},
	"sourceSize": {"w":200,"h":200}
},
"Mouth0028":
{
	"frame": {"x":338,"y":174,"w":81,"h":50},
	"rotated": false,
	"trimmed": true,
	"spriteSourceSize": {"x":66,"y":66,"w":200,"h":200},
	"sourceSize": {"w":200,"h":200}
},
"Mouth0029":
{
	"frame": {"x":423,"y":174,"w":66,"h":22},
	"rotated": false,
	"trimmed": true,
	"spriteSourceSize": {"x":69,"y":76,"w":200,"h":200},
	"sourceSize": {"w":200,"h":200}
},
"Mouth0030":
{
	"frame": {"x":4,"y":241,"w":40,"h":26},
	"rotated": false,
	"trimmed": true,
	"spriteSourceSize": {"x":101,"y":77,"w":200,"h":200},
	"sourceSize": {"w":200,"h":200}
},
"Mouth0031":
{
	"frame": {"x":48,"y":241,"w":68,"h":29},
	"rotated": false,
	"trimmed": true,
	"spriteSourceSize": {"x":68,"y":78,"w":200,"h":200},
	"sourceSize": {"w":200,"h":200}
},
"Mouth0032":
{
	"frame": {"x":120,"y":241,"w":200,"h":200},
	"rotated": false,
	"trimmed": false,
	"spriteSourceSize": {"x":0,"y":0,"w":200,"h":200},
	"sourceSize": {"w":200,"h":200}
}},
"meta": {
	"app": "Adobe Animate",
	"version": "24.0.0.305",
	"image": "Mouths.png",
	"format": "RGBA8888",
	"size": {"w":512,"h":512},
	"scale": "1"
}
}
