﻿{"frames": {

"Poses0000":
{
	"frame": {"x":4,"y":4,"w":167,"h":231},
	"rotated": false,
	"trimmed": true,
	"spriteSourceSize": {"x":168,"y":129,"w":500,"h":500},
	"sourceSize": {"w":500,"h":500}
},
"Poses0001":
{
	"frame": {"x":181,"y":4,"w":152,"h":220},
	"rotated": false,
	"trimmed": true,
	"spriteSourceSize": {"x":174,"y":139,"w":500,"h":500},
	"sourceSize": {"w":500,"h":500}
},
"Poses0002":
{
	"frame": {"x":343,"y":4,"w":167,"h":225},
	"rotated": false,
	"trimmed": true,
	"spriteSourceSize": {"x":165,"y":136,"w":500,"h":500},
	"sourceSize": {"w":500,"h":500}
},
"Poses0003":
{
	"frame": {"x":520,"y":4,"w":251,"h":230},
	"rotated": false,
	"trimmed": true,
	"spriteSourceSize": {"x":123,"y":132,"w":500,"h":500},
	"sourceSize": {"w":500,"h":500}
},
"Poses0004":
{
	"frame": {"x":781,"y":4,"w":187,"h":211},
	"rotated": false,
	"trimmed": true,
	"spriteSourceSize": {"x":132,"y":155,"w":500,"h":500},
	"sourceSize": {"w":500,"h":500}
},
"Poses0005":
{
	"frame": {"x":978,"y":4,"w":170,"h":176},
	"rotated": false,
	"trimmed": true,
	"spriteSourceSize": {"x":150,"y":165,"w":500,"h":500},
	"sourceSize": {"w":500,"h":500}
},
"Poses0006":
{
	"frame": {"x":1158,"y":4,"w":156,"h":209},
	"rotated": false,
	"trimmed": true,
	"spriteSourceSize": {"x":169,"y":157,"w":500,"h":500},
	"sourceSize": {"w":500,"h":500}
},
"Poses0007":
{
	"frame": {"x":1324,"y":4,"w":189,"h":204},
	"rotated": false,
	"trimmed": true,
	"spriteSourceSize": {"x":161,"y":150,"w":500,"h":500},
	"sourceSize": {"w":500,"h":500}
},
"Poses0008":
{
	"frame": {"x":1523,"y":4,"w":141,"h":210},
	"rotated": false,
	"trimmed": true,
	"spriteSourceSize": {"x":184,"y":151,"w":500,"h":500},
	"sourceSize": {"w":500,"h":500}
},
"Poses0009":
{
	"frame": {"x":1674,"y":4,"w":196,"h":209},
	"rotated": false,
	"trimmed": true,
	"spriteSourceSize": {"x":148,"y":149,"w":500,"h":500},
	"sourceSize": {"w":500,"h":500}
},
"Poses0010":
{
	"frame": {"x":1880,"y":4,"w":126,"h":189},
	"rotated": false,
	"trimmed": true,
	"spriteSourceSize": {"x":191,"y":164,"w":500,"h":500},
	"sourceSize": {"w":500,"h":500}
},
"Poses0011":
{
	"frame": {"x":4,"y":245,"w":171,"h":195},
	"rotated": false,
	"trimmed": true,
	"spriteSourceSize": {"x":164,"y":158,"w":500,"h":500},
	"sourceSize": {"w":500,"h":500}
},
"Poses0012":
{
	"frame": {"x":185,"y":245,"w":180,"h":194},
	"rotated": false,
	"trimmed": true,
	"spriteSourceSize": {"x":160,"y":156,"w":500,"h":500},
	"sourceSize": {"w":500,"h":500}
},
"Poses0013":
{
	"frame": {"x":375,"y":245,"w":150,"h":169},
	"rotated": false,
	"trimmed": true,
	"spriteSourceSize": {"x":182,"y":180,"w":500,"h":500},
	"sourceSize": {"w":500,"h":500}
},
"Poses0014":
{
	"frame": {"x":535,"y":245,"w":121,"h":202},
	"rotated": false,
	"trimmed": true,
	"spriteSourceSize": {"x":189,"y":149,"w":500,"h":500},
	"sourceSize": {"w":500,"h":500}
},
"Poses0015":
{
	"frame": {"x":666,"y":245,"w":141,"h":192},
	"rotated": false,
	"trimmed": true,
	"spriteSourceSize": {"x":179,"y":163,"w":500,"h":500},
	"sourceSize": {"w":500,"h":500}
},
"Poses0016":
{
	"frame": {"x":817,"y":245,"w":143,"h":227},
	"rotated": false,
	"trimmed": true,
	"spriteSourceSize": {"x":177,"y":141,"w":500,"h":500},
	"sourceSize": {"w":500,"h":500}
},
"Poses0017":
{
	"frame": {"x":970,"y":245,"w":157,"h":202},
	"rotated": false,
	"trimmed": true,
	"spriteSourceSize": {"x":170,"y":152,"w":500,"h":500},
	"sourceSize": {"w":500,"h":500}
},
"Poses0018":
{
	"frame": {"x":1137,"y":245,"w":148,"h":199},
	"rotated": false,
	"trimmed": true,
	"spriteSourceSize": {"x":178,"y":152,"w":500,"h":500},
	"sourceSize": {"w":500,"h":500}
},
"Poses0019":
{
	"frame": {"x":1295,"y":245,"w":229,"h":185},
	"rotated": false,
	"trimmed": true,
	"spriteSourceSize": {"x":137,"y":160,"w":500,"h":500},
	"sourceSize": {"w":500,"h":500}
},
"Poses0020":
{
	"frame": {"x":1534,"y":245,"w":150,"h":199},
	"rotated": false,
	"trimmed": true,
	"spriteSourceSize": {"x":170,"y":142,"w":500,"h":500},
	"sourceSize": {"w":500,"h":500}
},
"Poses0021":
{
	"frame": {"x":1694,"y":245,"w":131,"h":204},
	"rotated": false,
	"trimmed": true,
	"spriteSourceSize": {"x":185,"y":134,"w":500,"h":500},
	"sourceSize": {"w":500,"h":500}
},
"Poses0022":
{
	"frame": {"x":1835,"y":245,"w":183,"h":211},
	"rotated": false,
	"trimmed": true,
	"spriteSourceSize": {"x":165,"y":139,"w":500,"h":500},
	"sourceSize": {"w":500,"h":500}
},
"Poses0023":
{
	"frame": {"x":4,"y":482,"w":500,"h":500},
	"rotated": false,
	"trimmed": false,
	"spriteSourceSize": {"x":0,"y":0,"w":500,"h":500},
	"sourceSize": {"w":500,"h":500}
}},
"meta": {
	"app": "Adobe Animate",
	"version": "24.0.0.305",
	"image": "Poses.png",
	"format": "RGBA8888",
	"size": {"w":2048,"h":1024},
	"scale": "1"
}
}
