﻿{"frames": {

"Eyes0000":
{
	"frame": {"x":4,"y":4,"w":48,"h":68},
	"rotated": false,
	"trimmed": true,
	"spriteSourceSize": {"x":85,"y":71,"w":240,"h":240},
	"sourceSize": {"w":240,"h":240}
},
"Eyes0001":
{
	"frame": {"x":62,"y":4,"w":37,"h":65},
	"rotated": false,
	"trimmed": true,
	"spriteSourceSize": {"x":98,"y":74,"w":240,"h":240},
	"sourceSize": {"w":240,"h":240}
},
"Eyes0002":
{
	"frame": {"x":109,"y":4,"w":37,"h":61},
	"rotated": false,
	"trimmed": true,
	"spriteSourceSize": {"x":102,"y":78,"w":240,"h":240},
	"sourceSize": {"w":240,"h":240}
},
"Eyes0003":
{
	"frame": {"x":156,"y":4,"w":36,"h":66},
	"rotated": false,
	"trimmed": true,
	"spriteSourceSize": {"x":107,"y":73,"w":240,"h":240},
	"sourceSize": {"w":240,"h":240}
},
"Eyes0004":
{
	"frame": {"x":202,"y":4,"w":41,"h":61},
	"rotated": false,
	"trimmed": true,
	"spriteSourceSize": {"x":95,"y":80,"w":240,"h":240},
	"sourceSize": {"w":240,"h":240}
},
"Eyes0005":
{
	"frame": {"x":253,"y":4,"w":32,"h":36},
	"rotated": false,
	"trimmed": true,
	"spriteSourceSize": {"x":101,"y":103,"w":240,"h":240},
	"sourceSize": {"w":240,"h":240}
},
"Eyes0006":
{
	"frame": {"x":295,"y":4,"w":29,"h":40},
	"rotated": false,
	"trimmed": true,
	"spriteSourceSize": {"x":107,"y":99,"w":240,"h":240},
	"sourceSize": {"w":240,"h":240}
},
"Eyes0007":
{
	"frame": {"x":334,"y":4,"w":29,"h":40},
	"rotated": false,
	"trimmed": true,
	"spriteSourceSize": {"x":105,"y":99,"w":240,"h":240},
	"sourceSize": {"w":240,"h":240}
},
"Eyes0008":
{
	"frame": {"x":373,"y":4,"w":29,"h":40},
	"rotated": false,
	"trimmed": true,
	"spriteSourceSize": {"x":107,"y":99,"w":240,"h":240},
	"sourceSize": {"w":240,"h":240}
},
"Eyes0009":
{
	"frame": {"x":412,"y":4,"w":41,"h":61},
	"rotated": false,
	"trimmed": true,
	"spriteSourceSize": {"x":105,"y":80,"w":240,"h":240},
	"sourceSize": {"w":240,"h":240}
},
"Eyes0010":
{
	"frame": {"x":463,"y":4,"w":29,"h":40},
	"rotated": false,
	"trimmed": true,
	"spriteSourceSize": {"x":107,"y":99,"w":240,"h":240},
	"sourceSize": {"w":240,"h":240}
},
"Eyes0011":
{
	"frame": {"x":4,"y":82,"w":32,"h":36},
	"rotated": false,
	"trimmed": true,
	"spriteSourceSize": {"x":104,"y":103,"w":240,"h":240},
	"sourceSize": {"w":240,"h":240}
},
"Eyes0012":
{
	"frame": {"x":46,"y":82,"w":19,"h":37},
	"rotated": false,
	"trimmed": true,
	"spriteSourceSize": {"x":111,"y":102,"w":240,"h":240},
	"sourceSize": {"w":240,"h":240}
},
"Eyes0013":
{
	"frame": {"x":75,"y":82,"w":39,"h":54},
	"rotated": false,
	"trimmed": true,
	"spriteSourceSize": {"x":100,"y":85,"w":240,"h":240},
	"sourceSize": {"w":240,"h":240}
},
"Eyes0014":
{
	"frame": {"x":124,"y":82,"w":38,"h":54},
	"rotated": false,
	"trimmed": true,
	"spriteSourceSize": {"x":103,"y":85,"w":240,"h":240},
	"sourceSize": {"w":240,"h":240}
},
"Eyes0015":
{
	"frame": {"x":172,"y":82,"w":35,"h":50},
	"rotated": false,
	"trimmed": true,
	"spriteSourceSize": {"x":103,"y":89,"w":240,"h":240},
	"sourceSize": {"w":240,"h":240}
},
"Eyes0016":
{
	"frame": {"x":217,"y":82,"w":31,"h":34},
	"rotated": false,
	"trimmed": true,
	"spriteSourceSize": {"x":106,"y":105,"w":240,"h":240},
	"sourceSize": {"w":240,"h":240}
},
"Eyes0017":
{
	"frame": {"x":258,"y":82,"w":29,"h":33},
	"rotated": false,
	"trimmed": true,
	"spriteSourceSize": {"x":106,"y":106,"w":240,"h":240},
	"sourceSize": {"w":240,"h":240}
},
"Eyes0018":
{
	"frame": {"x":297,"y":82,"w":31,"h":34},
	"rotated": false,
	"trimmed": true,
	"spriteSourceSize": {"x":104,"y":105,"w":240,"h":240},
	"sourceSize": {"w":240,"h":240}
},
"Eyes0019":
{
	"frame": {"x":338,"y":82,"w":43,"h":31},
	"rotated": false,
	"trimmed": true,
	"spriteSourceSize": {"x":99,"y":101,"w":240,"h":240},
	"sourceSize": {"w":240,"h":240}
},
"Eyes0020":
{
	"frame": {"x":391,"y":82,"w":43,"h":31},
	"rotated": false,
	"trimmed": true,
	"spriteSourceSize": {"x":99,"y":101,"w":240,"h":240},
	"sourceSize": {"w":240,"h":240}
},
"Eyes0021":
{
	"frame": {"x":444,"y":82,"w":27,"h":52},
	"rotated": false,
	"trimmed": true,
	"spriteSourceSize": {"x":106,"y":83,"w":240,"h":240},
	"sourceSize": {"w":240,"h":240}
},
"Eyes0022":
{
	"frame": {"x":481,"y":82,"w":27,"h":52},
	"rotated": false,
	"trimmed": true,
	"spriteSourceSize": {"x":107,"y":97,"w":240,"h":240},
	"sourceSize": {"w":240,"h":240}
},
"Eyes0023":
{
	"frame": {"x":4,"y":146,"w":34,"h":28},
	"rotated": false,
	"trimmed": true,
	"spriteSourceSize": {"x":103,"y":109,"w":240,"h":240},
	"sourceSize": {"w":240,"h":240}
},
"Eyes0024":
{
	"frame": {"x":48,"y":146,"w":31,"h":33},
	"rotated": false,
	"trimmed": true,
	"spriteSourceSize": {"x":106,"y":102,"w":240,"h":240},
	"sourceSize": {"w":240,"h":240}
},
"Eyes0025":
{
	"frame": {"x":89,"y":146,"w":29,"h":33},
	"rotated": false,
	"trimmed": true,
	"spriteSourceSize": {"x":106,"y":102,"w":240,"h":240},
	"sourceSize": {"w":240,"h":240}
},
"Eyes0026":
{
	"frame": {"x":128,"y":146,"w":31,"h":33},
	"rotated": false,
	"trimmed": true,
	"spriteSourceSize": {"x":104,"y":102,"w":240,"h":240},
	"sourceSize": {"w":240,"h":240}
},
"Eyes0027":
{
	"frame": {"x":169,"y":146,"w":35,"h":26},
	"rotated": false,
	"trimmed": true,
	"spriteSourceSize": {"x":103,"y":107,"w":240,"h":240},
	"sourceSize": {"w":240,"h":240}
},
"Eyes0028":
{
	"frame": {"x":214,"y":146,"w":35,"h":26},
	"rotated": false,
	"trimmed": true,
	"spriteSourceSize": {"x":102,"y":107,"w":240,"h":240},
	"sourceSize": {"w":240,"h":240}
},
"Eyes0029":
{
	"frame": {"x":259,"y":146,"w":36,"h":23},
	"rotated": false,
	"trimmed": true,
	"spriteSourceSize": {"x":102,"y":109,"w":240,"h":240},
	"sourceSize": {"w":240,"h":240}
},
"Eyes0030":
{
	"frame": {"x":305,"y":146,"w":25,"h":39},
	"rotated": false,
	"trimmed": true,
	"spriteSourceSize": {"x":108,"y":101,"w":240,"h":240},
	"sourceSize": {"w":240,"h":240}
},
"Eyes0031":
{
	"frame": {"x":4,"y":195,"w":240,"h":240},
	"rotated": false,
	"trimmed": false,
	"spriteSourceSize": {"x":0,"y":0,"w":240,"h":240},
	"sourceSize": {"w":240,"h":240}
}},
"meta": {
	"app": "Adobe Animate",
	"version": "24.0.0.305",
	"image": "Eyes.png",
	"format": "RGBA8888",
	"size": {"w":512,"h":512},
	"scale": "2"
}
}
