﻿{"frames": {

"BodiesCostume_10000":
{
	"frame": {"x":4,"y":4,"w":107,"h":170},
	"rotated": false,
	"trimmed": true,
	"spriteSourceSize": {"x":346,"y":317,"w":800,"h":800},
	"sourceSize": {"w":800,"h":800}
},
"BodiesCostume_10001":
{
	"frame": {"x":121,"y":4,"w":106,"h":186},
	"rotated": false,
	"trimmed": true,
	"spriteSourceSize": {"x":349,"y":301,"w":800,"h":800},
	"sourceSize": {"w":800,"h":800}
},
"BodiesCostume_10002":
{
	"frame": {"x":237,"y":4,"w":235,"h":182},
	"rotated": false,
	"trimmed": true,
	"spriteSourceSize": {"x":287,"y":305,"w":800,"h":800},
	"sourceSize": {"w":800,"h":800}
},
"BodiesCostume_10003":
{
	"frame": {"x":482,"y":4,"w":183,"h":243},
	"rotated": false,
	"trimmed": true,
	"spriteSourceSize": {"x":306,"y":287,"w":800,"h":800},
	"sourceSize": {"w":800,"h":800}
},
"BodiesCostume_10004":
{
	"frame": {"x":675,"y":4,"w":107,"h":170},
	"rotated": false,
	"trimmed": true,
	"spriteSourceSize": {"x":346,"y":313,"w":800,"h":800},
	"sourceSize": {"w":800,"h":800}
},
"BodiesCostume_10005":
{
	"frame": {"x":792,"y":4,"w":0,"h":0},
	"rotated": false,
	"trimmed": true,
	"spriteSourceSize": {"x":400,"y":400,"w":800,"h":800},
	"sourceSize": {"w":800,"h":800}
},
"BodiesCostume_10006":
{
	"frame": {"x":802,"y":4,"w":181,"h":166},
	"rotated": false,
	"trimmed": true,
	"spriteSourceSize": {"x":326,"y":313,"w":800,"h":800},
	"sourceSize": {"w":800,"h":800}
},
"BodiesCostume_10007":
{
	"frame": {"x":993,"y":4,"w":176,"h":168},
	"rotated": false,
	"trimmed": true,
	"spriteSourceSize": {"x":349,"y":311,"w":800,"h":800},
	"sourceSize": {"w":800,"h":800}
},
"BodiesCostume_10008":
{
	"frame": {"x":1179,"y":4,"w":130,"h":154},
	"rotated": false,
	"trimmed": true,
	"spriteSourceSize": {"x":326,"y":325,"w":800,"h":800},
	"sourceSize": {"w":800,"h":800}
},
"BodiesCostume_10009":
{
	"frame": {"x":1319,"y":4,"w":115,"h":169},
	"rotated": false,
	"trimmed": true,
	"spriteSourceSize": {"x":350,"y":310,"w":800,"h":800},
	"sourceSize": {"w":800,"h":800}
},
"BodiesCostume_10010":
{
	"frame": {"x":1444,"y":4,"w":97,"h":154},
	"rotated": false,
	"trimmed": true,
	"spriteSourceSize": {"x":351,"y":321,"w":800,"h":800},
	"sourceSize": {"w":800,"h":800}
},
"BodiesCostume_10011":
{
	"frame": {"x":1551,"y":4,"w":106,"h":178},
	"rotated": false,
	"trimmed": true,
	"spriteSourceSize": {"x":349,"y":301,"w":800,"h":800},
	"sourceSize": {"w":800,"h":800}
},
"BodiesCostume_10012":
{
	"frame": {"x":1667,"y":4,"w":107,"h":170},
	"rotated": false,
	"trimmed": true,
	"spriteSourceSize": {"x":346,"y":313,"w":800,"h":800},
	"sourceSize": {"w":800,"h":800}
},
"BodiesCostume_10013":
{
	"frame": {"x":1784,"y":4,"w":110,"h":178},
	"rotated": false,
	"trimmed": true,
	"spriteSourceSize": {"x":349,"y":301,"w":800,"h":800},
	"sourceSize": {"w":800,"h":800}
},
"BodiesCostume_10014":
{
	"frame": {"x":1904,"y":4,"w":107,"h":170},
	"rotated": false,
	"trimmed": true,
	"spriteSourceSize": {"x":346,"y":313,"w":800,"h":800},
	"sourceSize": {"w":800,"h":800}
},
"BodiesCostume_10015":
{
	"frame": {"x":4,"y":257,"w":106,"h":178},
	"rotated": false,
	"trimmed": true,
	"spriteSourceSize": {"x":349,"y":301,"w":800,"h":800},
	"sourceSize": {"w":800,"h":800}
},
"BodiesCostume_10016":
{
	"frame": {"x":120,"y":257,"w":98,"h":154},
	"rotated": false,
	"trimmed": true,
	"spriteSourceSize": {"x":351,"y":321,"w":800,"h":800},
	"sourceSize": {"w":800,"h":800}
},
"BodiesCostume_10017":
{
	"frame": {"x":228,"y":257,"w":136,"h":178},
	"rotated": false,
	"trimmed": true,
	"spriteSourceSize": {"x":349,"y":301,"w":800,"h":800},
	"sourceSize": {"w":800,"h":800}
},
"BodiesCostume_10018":
{
	"frame": {"x":374,"y":257,"w":99,"h":143},
	"rotated": false,
	"trimmed": true,
	"spriteSourceSize": {"x":351,"y":332,"w":800,"h":800},
	"sourceSize": {"w":800,"h":800}
},
"BodiesCostume_10019":
{
	"frame": {"x":483,"y":257,"w":98,"h":162},
	"rotated": false,
	"trimmed": true,
	"spriteSourceSize": {"x":352,"y":314,"w":800,"h":800},
	"sourceSize": {"w":800,"h":800}
},
"BodiesCostume_10020":
{
	"frame": {"x":591,"y":257,"w":163,"h":152},
	"rotated": false,
	"trimmed": true,
	"spriteSourceSize": {"x":318,"y":328,"w":800,"h":800},
	"sourceSize": {"w":800,"h":800}
},
"BodiesCostume_10021":
{
	"frame": {"x":764,"y":257,"w":158,"h":179},
	"rotated": false,
	"trimmed": true,
	"spriteSourceSize": {"x":320,"y":314,"w":800,"h":800},
	"sourceSize": {"w":800,"h":800}
},
"BodiesCostume_10022":
{
	"frame": {"x":932,"y":257,"w":132,"h":143},
	"rotated": false,
	"trimmed": true,
	"spriteSourceSize": {"x":351,"y":332,"w":800,"h":800},
	"sourceSize": {"w":800,"h":800}
},
"BodiesCostume_10023":
{
	"frame": {"x":1074,"y":257,"w":155,"h":161},
	"rotated": false,
	"trimmed": true,
	"spriteSourceSize": {"x":350,"y":315,"w":800,"h":800},
	"sourceSize": {"w":800,"h":800}
},
"BodiesCostume_10024":
{
	"frame": {"x":1239,"y":257,"w":113,"h":172},
	"rotated": false,
	"trimmed": true,
	"spriteSourceSize": {"x":344,"y":308,"w":800,"h":800},
	"sourceSize": {"w":800,"h":800}
},
"BodiesCostume_10025":
{
	"frame": {"x":1362,"y":257,"w":117,"h":178},
	"rotated": false,
	"trimmed": true,
	"spriteSourceSize": {"x":343,"y":303,"w":800,"h":800},
	"sourceSize": {"w":800,"h":800}
},
"BodiesCostume_10026":
{
	"frame": {"x":1489,"y":257,"w":97,"h":154},
	"rotated": false,
	"trimmed": true,
	"spriteSourceSize": {"x":351,"y":321,"w":800,"h":800},
	"sourceSize": {"w":800,"h":800}
},
"BodiesCostume_10027":
{
	"frame": {"x":1596,"y":257,"w":106,"h":178},
	"rotated": false,
	"trimmed": true,
	"spriteSourceSize": {"x":349,"y":301,"w":800,"h":800},
	"sourceSize": {"w":800,"h":800}
},
"BodiesCostume_10028":
{
	"frame": {"x":1712,"y":257,"w":107,"h":160},
	"rotated": false,
	"trimmed": true,
	"spriteSourceSize": {"x":346,"y":318,"w":800,"h":800},
	"sourceSize": {"w":800,"h":800}
},
"BodiesCostume_10029":
{
	"frame": {"x":1829,"y":257,"w":113,"h":178},
	"rotated": false,
	"trimmed": true,
	"spriteSourceSize": {"x":349,"y":301,"w":800,"h":800},
	"sourceSize": {"w":800,"h":800}
},
"BodiesCostume_10030":
{
	"frame": {"x":4,"y":446,"w":138,"h":192},
	"rotated": false,
	"trimmed": true,
	"spriteSourceSize": {"x":327,"y":290,"w":800,"h":800},
	"sourceSize": {"w":800,"h":800}
},
"BodiesCostume_10031":
{
	"frame": {"x":152,"y":446,"w":145,"h":184},
	"rotated": false,
	"trimmed": true,
	"spriteSourceSize": {"x":348,"y":297,"w":800,"h":800},
	"sourceSize": {"w":800,"h":800}
},
"BodiesCostume_10032":
{
	"frame": {"x":307,"y":446,"w":107,"h":170},
	"rotated": false,
	"trimmed": true,
	"spriteSourceSize": {"x":346,"y":313,"w":800,"h":800},
	"sourceSize": {"w":800,"h":800}
},
"BodiesCostume_10033":
{
	"frame": {"x":424,"y":446,"w":106,"h":178},
	"rotated": false,
	"trimmed": true,
	"spriteSourceSize": {"x":349,"y":301,"w":800,"h":800},
	"sourceSize": {"w":800,"h":800}
},
"BodiesCostume_10034":
{
	"frame": {"x":540,"y":446,"w":97,"h":156},
	"rotated": false,
	"trimmed": true,
	"spriteSourceSize": {"x":351,"y":319,"w":800,"h":800},
	"sourceSize": {"w":800,"h":800}
},
"BodiesCostume_10035":
{
	"frame": {"x":647,"y":446,"w":100,"h":176},
	"rotated": false,
	"trimmed": true,
	"spriteSourceSize": {"x":352,"y":303,"w":800,"h":800},
	"sourceSize": {"w":800,"h":800}
},
"BodiesCostume_10036":
{
	"frame": {"x":757,"y":446,"w":79,"h":77},
	"rotated": false,
	"trimmed": true,
	"spriteSourceSize": {"x":381,"y":382,"w":800,"h":800},
	"sourceSize": {"w":800,"h":800}
},
"BodiesCostume_10037":
{
	"frame": {"x":846,"y":446,"w":56,"h":62},
	"rotated": false,
	"trimmed": true,
	"spriteSourceSize": {"x":375,"y":345,"w":800,"h":800},
	"sourceSize": {"w":800,"h":800}
},
"BodiesCostume_10038":
{
	"frame": {"x":912,"y":446,"w":132,"h":175},
	"rotated": false,
	"trimmed": true,
	"spriteSourceSize": {"x":349,"y":312,"w":800,"h":800},
	"sourceSize": {"w":800,"h":800}
},
"BodiesCostume_10039":
{
	"frame": {"x":1054,"y":446,"w":99,"h":143},
	"rotated": false,
	"trimmed": true,
	"spriteSourceSize": {"x":351,"y":332,"w":800,"h":800},
	"sourceSize": {"w":800,"h":800}
},
"BodiesCostume_10040":
{
	"frame": {"x":1163,"y":446,"w":102,"h":164},
	"rotated": false,
	"trimmed": true,
	"spriteSourceSize": {"x":349,"y":315,"w":800,"h":800},
	"sourceSize": {"w":800,"h":800}
},
"BodiesCostume_10041":
{
	"frame": {"x":1275,"y":446,"w":75,"h":51},
	"rotated": false,
	"trimmed": true,
	"spriteSourceSize": {"x":395,"y":369,"w":800,"h":800},
	"sourceSize": {"w":800,"h":800}
},
"BodiesCostume_10042":
{
	"frame": {"x":1360,"y":446,"w":219,"h":139},
	"rotated": false,
	"trimmed": true,
	"spriteSourceSize": {"x":290,"y":335,"w":800,"h":800},
	"sourceSize": {"w":800,"h":800}
},
"BodiesCostume_10043":
{
	"frame": {"x":1589,"y":446,"w":107,"h":170},
	"rotated": false,
	"trimmed": true,
	"spriteSourceSize": {"x":346,"y":313,"w":800,"h":800},
	"sourceSize": {"w":800,"h":800}
},
"BodiesCostume_10044":
{
	"frame": {"x":1706,"y":446,"w":106,"h":178},
	"rotated": false,
	"trimmed": true,
	"spriteSourceSize": {"x":349,"y":301,"w":800,"h":800},
	"sourceSize": {"w":800,"h":800}
},
"BodiesCostume_10045":
{
	"frame": {"x":1822,"y":446,"w":107,"h":170},
	"rotated": false,
	"trimmed": true,
	"spriteSourceSize": {"x":346,"y":313,"w":800,"h":800},
	"sourceSize": {"w":800,"h":800}
},
"BodiesCostume_10046":
{
	"frame": {"x":4,"y":648,"w":106,"h":178},
	"rotated": false,
	"trimmed": true,
	"spriteSourceSize": {"x":349,"y":301,"w":800,"h":800},
	"sourceSize": {"w":800,"h":800}
},
"BodiesCostume_10047":
{
	"frame": {"x":120,"y":648,"w":146,"h":170},
	"rotated": false,
	"trimmed": true,
	"spriteSourceSize": {"x":346,"y":313,"w":800,"h":800},
	"sourceSize": {"w":800,"h":800}
},
"BodiesCostume_10048":
{
	"frame": {"x":276,"y":648,"w":150,"h":178},
	"rotated": false,
	"trimmed": true,
	"spriteSourceSize": {"x":349,"y":301,"w":800,"h":800},
	"sourceSize": {"w":800,"h":800}
},
"BodiesCostume_10049":
{
	"frame": {"x":436,"y":648,"w":109,"h":146},
	"rotated": false,
	"trimmed": true,
	"spriteSourceSize": {"x":345,"y":331,"w":800,"h":800},
	"sourceSize": {"w":800,"h":800}
},
"BodiesCostume_10050":
{
	"frame": {"x":555,"y":648,"w":103,"h":163},
	"rotated": false,
	"trimmed": true,
	"spriteSourceSize": {"x":347,"y":314,"w":800,"h":800},
	"sourceSize": {"w":800,"h":800}
},
"BodiesCostume_10051":
{
	"frame": {"x":668,"y":648,"w":107,"h":170},
	"rotated": false,
	"trimmed": true,
	"spriteSourceSize": {"x":346,"y":313,"w":800,"h":800},
	"sourceSize": {"w":800,"h":800}
},
"BodiesCostume_10052":
{
	"frame": {"x":785,"y":648,"w":106,"h":178},
	"rotated": false,
	"trimmed": true,
	"spriteSourceSize": {"x":349,"y":301,"w":800,"h":800},
	"sourceSize": {"w":800,"h":800}
},
"BodiesCostume_10053":
{
	"frame": {"x":901,"y":648,"w":159,"h":179},
	"rotated": false,
	"trimmed": true,
	"spriteSourceSize": {"x":346,"y":313,"w":800,"h":800},
	"sourceSize": {"w":800,"h":800}
},
"BodiesCostume_10054":
{
	"frame": {"x":1070,"y":648,"w":159,"h":189},
	"rotated": false,
	"trimmed": true,
	"spriteSourceSize": {"x":349,"y":301,"w":800,"h":800},
	"sourceSize": {"w":800,"h":800}
},
"BodiesCostume_10055":
{
	"frame": {"x":1239,"y":648,"w":104,"h":157},
	"rotated": false,
	"trimmed": true,
	"spriteSourceSize": {"x":351,"y":318,"w":800,"h":800},
	"sourceSize": {"w":800,"h":800}
},
"BodiesCostume_10056":
{
	"frame": {"x":1353,"y":648,"w":132,"h":164},
	"rotated": false,
	"trimmed": true,
	"spriteSourceSize": {"x":350,"y":312,"w":800,"h":800},
	"sourceSize": {"w":800,"h":800}
},
"BodiesCostume_10057":
{
	"frame": {"x":1495,"y":648,"w":116,"h":158},
	"rotated": false,
	"trimmed": true,
	"spriteSourceSize": {"x":342,"y":320,"w":800,"h":800},
	"sourceSize": {"w":800,"h":800}
},
"BodiesCostume_10058":
{
	"frame": {"x":1621,"y":648,"w":126,"h":176},
	"rotated": false,
	"trimmed": true,
	"spriteSourceSize": {"x":354,"y":304,"w":800,"h":800},
	"sourceSize": {"w":800,"h":800}
},
"BodiesCostume_10059":
{
	"frame": {"x":792,"y":4,"w":0,"h":0},
	"rotated": false,
	"trimmed": true,
	"spriteSourceSize": {"x":0,"y":0,"w":800,"h":800},
	"sourceSize": {"w":800,"h":800}
}},
"meta": {
	"app": "Adobe Animate",
	"version": "24.0.0.305",
	"image": "BodiesCostume_1.png",
	"format": "RGBA8888",
	"size": {"w":2048,"h":1024},
	"scale": "1"
}
}
