﻿{"frames": {

"BodiesCostume_10000":
{
	"frame": {"x":4,"y":4,"w":107,"h":171},
	"rotated": false,
	"trimmed": true,
	"spriteSourceSize": {"x":346,"y":313,"w":800,"h":800},
	"sourceSize": {"w":800,"h":800}
},
"BodiesCostume_10001":
{
	"frame": {"x":121,"y":4,"w":106,"h":184},
	"rotated": false,
	"trimmed": true,
	"spriteSourceSize": {"x":349,"y":301,"w":800,"h":800},
	"sourceSize": {"w":800,"h":800}
},
"BodiesCostume_10002":
{
	"frame": {"x":237,"y":4,"w":230,"h":175},
	"rotated": false,
	"trimmed": true,
	"spriteSourceSize": {"x":290,"y":308,"w":800,"h":800},
	"sourceSize": {"w":800,"h":800}
},
"BodiesCostume_10003":
{
	"frame": {"x":477,"y":4,"w":178,"h":236},
	"rotated": false,
	"trimmed": true,
	"spriteSourceSize": {"x":309,"y":290,"w":800,"h":800},
	"sourceSize": {"w":800,"h":800}
},
"BodiesCostume_10004":
{
	"frame": {"x":665,"y":4,"w":107,"h":170},
	"rotated": false,
	"trimmed": true,
	"spriteSourceSize": {"x":346,"y":313,"w":800,"h":800},
	"sourceSize": {"w":800,"h":800}
},
"BodiesCostume_10005":
{
	"frame": {"x":782,"y":4,"w":0,"h":0},
	"rotated": false,
	"trimmed": true,
	"spriteSourceSize": {"x":400,"y":400,"w":800,"h":800},
	"sourceSize": {"w":800,"h":800}
},
"BodiesCostume_10006":
{
	"frame": {"x":792,"y":4,"w":175,"h":163},
	"rotated": false,
	"trimmed": true,
	"spriteSourceSize": {"x":330,"y":317,"w":800,"h":800},
	"sourceSize": {"w":800,"h":800}
},
"BodiesCostume_10007":
{
	"frame": {"x":977,"y":4,"w":175,"h":178},
	"rotated": false,
	"trimmed": true,
	"spriteSourceSize": {"x":349,"y":301,"w":800,"h":800},
	"sourceSize": {"w":800,"h":800}
},
"BodiesCostume_10008":
{
	"frame": {"x":1162,"y":4,"w":133,"h":159},
	"rotated": false,
	"trimmed": true,
	"spriteSourceSize": {"x":330,"y":321,"w":800,"h":800},
	"sourceSize": {"w":800,"h":800}
},
"BodiesCostume_10009":
{
	"frame": {"x":1305,"y":4,"w":113,"h":178},
	"rotated": false,
	"trimmed": true,
	"spriteSourceSize": {"x":349,"y":301,"w":800,"h":800},
	"sourceSize": {"w":800,"h":800}
},
"BodiesCostume_10010":
{
	"frame": {"x":1428,"y":4,"w":97,"h":154},
	"rotated": false,
	"trimmed": true,
	"spriteSourceSize": {"x":351,"y":321,"w":800,"h":800},
	"sourceSize": {"w":800,"h":800}
},
"BodiesCostume_10011":
{
	"frame": {"x":1535,"y":4,"w":106,"h":178},
	"rotated": false,
	"trimmed": true,
	"spriteSourceSize": {"x":349,"y":301,"w":800,"h":800},
	"sourceSize": {"w":800,"h":800}
},
"BodiesCostume_10012":
{
	"frame": {"x":1651,"y":4,"w":107,"h":170},
	"rotated": false,
	"trimmed": true,
	"spriteSourceSize": {"x":346,"y":313,"w":800,"h":800},
	"sourceSize": {"w":800,"h":800}
},
"BodiesCostume_10013":
{
	"frame": {"x":1768,"y":4,"w":110,"h":178},
	"rotated": false,
	"trimmed": true,
	"spriteSourceSize": {"x":349,"y":301,"w":800,"h":800},
	"sourceSize": {"w":800,"h":800}
},
"BodiesCostume_10014":
{
	"frame": {"x":1888,"y":4,"w":107,"h":170},
	"rotated": false,
	"trimmed": true,
	"spriteSourceSize": {"x":346,"y":313,"w":800,"h":800},
	"sourceSize": {"w":800,"h":800}
},
"BodiesCostume_10015":
{
	"frame": {"x":4,"y":250,"w":106,"h":178},
	"rotated": false,
	"trimmed": true,
	"spriteSourceSize": {"x":349,"y":301,"w":800,"h":800},
	"sourceSize": {"w":800,"h":800}
},
"BodiesCostume_10016":
{
	"frame": {"x":120,"y":250,"w":118,"h":154},
	"rotated": false,
	"trimmed": true,
	"spriteSourceSize": {"x":351,"y":321,"w":800,"h":800},
	"sourceSize": {"w":800,"h":800}
},
"BodiesCostume_10017":
{
	"frame": {"x":248,"y":250,"w":136,"h":178},
	"rotated": false,
	"trimmed": true,
	"spriteSourceSize": {"x":349,"y":301,"w":800,"h":800},
	"sourceSize": {"w":800,"h":800}
},
"BodiesCostume_10018":
{
	"frame": {"x":394,"y":250,"w":99,"h":143},
	"rotated": false,
	"trimmed": true,
	"spriteSourceSize": {"x":351,"y":332,"w":800,"h":800},
	"sourceSize": {"w":800,"h":800}
},
"BodiesCostume_10019":
{
	"frame": {"x":503,"y":250,"w":136,"h":178},
	"rotated": false,
	"trimmed": true,
	"spriteSourceSize": {"x":349,"y":301,"w":800,"h":800},
	"sourceSize": {"w":800,"h":800}
},
"BodiesCostume_10020":
{
	"frame": {"x":649,"y":250,"w":163,"h":152},
	"rotated": false,
	"trimmed": true,
	"spriteSourceSize": {"x":318,"y":328,"w":800,"h":800},
	"sourceSize": {"w":800,"h":800}
},
"BodiesCostume_10021":
{
	"frame": {"x":822,"y":250,"w":158,"h":179},
	"rotated": false,
	"trimmed": true,
	"spriteSourceSize": {"x":320,"y":314,"w":800,"h":800},
	"sourceSize": {"w":800,"h":800}
},
"BodiesCostume_10022":
{
	"frame": {"x":990,"y":250,"w":132,"h":143},
	"rotated": false,
	"trimmed": true,
	"spriteSourceSize": {"x":351,"y":332,"w":800,"h":800},
	"sourceSize": {"w":800,"h":800}
},
"BodiesCostume_10023":
{
	"frame": {"x":1132,"y":250,"w":158,"h":167},
	"rotated": false,
	"trimmed": true,
	"spriteSourceSize": {"x":349,"y":312,"w":800,"h":800},
	"sourceSize": {"w":800,"h":800}
},
"BodiesCostume_10024":
{
	"frame": {"x":1300,"y":250,"w":109,"h":163},
	"rotated": false,
	"trimmed": true,
	"spriteSourceSize": {"x":347,"y":313,"w":800,"h":800},
	"sourceSize": {"w":800,"h":800}
},
"BodiesCostume_10025":
{
	"frame": {"x":1419,"y":250,"w":112,"h":170},
	"rotated": false,
	"trimmed": true,
	"spriteSourceSize": {"x":347,"y":306,"w":800,"h":800},
	"sourceSize": {"w":800,"h":800}
},
"BodiesCostume_10026":
{
	"frame": {"x":1541,"y":250,"w":94,"h":152},
	"rotated": false,
	"trimmed": true,
	"spriteSourceSize": {"x":353,"y":322,"w":800,"h":800},
	"sourceSize": {"w":800,"h":800}
},
"BodiesCostume_10027":
{
	"frame": {"x":1645,"y":250,"w":91,"h":167},
	"rotated": false,
	"trimmed": true,
	"spriteSourceSize": {"x":356,"y":307,"w":800,"h":800},
	"sourceSize": {"w":800,"h":800}
},
"BodiesCostume_10028":
{
	"frame": {"x":1746,"y":250,"w":107,"h":170},
	"rotated": false,
	"trimmed": true,
	"spriteSourceSize": {"x":346,"y":313,"w":800,"h":800},
	"sourceSize": {"w":800,"h":800}
},
"BodiesCostume_10029":
{
	"frame": {"x":1863,"y":250,"w":110,"h":178},
	"rotated": false,
	"trimmed": true,
	"spriteSourceSize": {"x":349,"y":301,"w":800,"h":800},
	"sourceSize": {"w":800,"h":800}
},
"BodiesCostume_10030":
{
	"frame": {"x":4,"y":439,"w":133,"h":185},
	"rotated": false,
	"trimmed": true,
	"spriteSourceSize": {"x":330,"y":295,"w":800,"h":800},
	"sourceSize": {"w":800,"h":800}
},
"BodiesCostume_10031":
{
	"frame": {"x":147,"y":439,"w":142,"h":179},
	"rotated": false,
	"trimmed": true,
	"spriteSourceSize": {"x":349,"y":300,"w":800,"h":800},
	"sourceSize": {"w":800,"h":800}
},
"BodiesCostume_10032":
{
	"frame": {"x":299,"y":439,"w":107,"h":170},
	"rotated": false,
	"trimmed": true,
	"spriteSourceSize": {"x":346,"y":313,"w":800,"h":800},
	"sourceSize": {"w":800,"h":800}
},
"BodiesCostume_10033":
{
	"frame": {"x":416,"y":439,"w":106,"h":178},
	"rotated": false,
	"trimmed": true,
	"spriteSourceSize": {"x":349,"y":301,"w":800,"h":800},
	"sourceSize": {"w":800,"h":800}
},
"BodiesCostume_10034":
{
	"frame": {"x":532,"y":439,"w":99,"h":153},
	"rotated": false,
	"trimmed": true,
	"spriteSourceSize": {"x":351,"y":322,"w":800,"h":800},
	"sourceSize": {"w":800,"h":800}
},
"BodiesCostume_10035":
{
	"frame": {"x":641,"y":439,"w":136,"h":178},
	"rotated": false,
	"trimmed": true,
	"spriteSourceSize": {"x":349,"y":301,"w":800,"h":800},
	"sourceSize": {"w":800,"h":800}
},
"BodiesCostume_10036":
{
	"frame": {"x":787,"y":439,"w":72,"h":69},
	"rotated": false,
	"trimmed": true,
	"spriteSourceSize": {"x":384,"y":387,"w":800,"h":800},
	"sourceSize": {"w":800,"h":800}
},
"BodiesCostume_10037":
{
	"frame": {"x":869,"y":439,"w":51,"h":54},
	"rotated": false,
	"trimmed": true,
	"spriteSourceSize": {"x":378,"y":350,"w":800,"h":800},
	"sourceSize": {"w":800,"h":800}
},
"BodiesCostume_10038":
{
	"frame": {"x":930,"y":439,"w":127,"h":170},
	"rotated": false,
	"trimmed": true,
	"spriteSourceSize": {"x":351,"y":314,"w":800,"h":800},
	"sourceSize": {"w":800,"h":800}
},
"BodiesCostume_10039":
{
	"frame": {"x":1067,"y":439,"w":99,"h":143},
	"rotated": false,
	"trimmed": true,
	"spriteSourceSize": {"x":351,"y":332,"w":800,"h":800},
	"sourceSize": {"w":800,"h":800}
},
"BodiesCostume_10040":
{
	"frame": {"x":1176,"y":439,"w":136,"h":178},
	"rotated": false,
	"trimmed": true,
	"spriteSourceSize": {"x":349,"y":301,"w":800,"h":800},
	"sourceSize": {"w":800,"h":800}
},
"BodiesCostume_10041":
{
	"frame": {"x":1322,"y":439,"w":62,"h":40},
	"rotated": false,
	"trimmed": true,
	"spriteSourceSize": {"x":398,"y":376,"w":800,"h":800},
	"sourceSize": {"w":800,"h":800}
},
"BodiesCostume_10042":
{
	"frame": {"x":1394,"y":439,"w":209,"h":143},
	"rotated": false,
	"trimmed": true,
	"spriteSourceSize": {"x":295,"y":332,"w":800,"h":800},
	"sourceSize": {"w":800,"h":800}
},
"BodiesCostume_10043":
{
	"frame": {"x":1613,"y":439,"w":107,"h":170},
	"rotated": false,
	"trimmed": true,
	"spriteSourceSize": {"x":346,"y":313,"w":800,"h":800},
	"sourceSize": {"w":800,"h":800}
},
"BodiesCostume_10044":
{
	"frame": {"x":1730,"y":439,"w":106,"h":178},
	"rotated": false,
	"trimmed": true,
	"spriteSourceSize": {"x":349,"y":301,"w":800,"h":800},
	"sourceSize": {"w":800,"h":800}
},
"BodiesCostume_10045":
{
	"frame": {"x":782,"y":4,"w":0,"h":0},
	"rotated": false,
	"trimmed": true,
	"spriteSourceSize": {"x":0,"y":0,"w":800,"h":800},
	"sourceSize": {"w":800,"h":800}
}},
"meta": {
	"app": "Adobe Animate",
	"version": "24.0.0.305",
	"image": "BodiesCostume_1.png",
	"format": "RGBA8888",
	"size": {"w":2048,"h":1024},
	"scale": "1"
}
}
