﻿{"frames": {

"Bodies0000":
{
	"frame": {"x":0,"y":0,"w":129,"h":130},
	"rotated": false,
	"trimmed": false,
	"spriteSourceSize": {"x":0,"y":0,"w":129,"h":130},
	"sourceSize": {"w":129,"h":130}
},
"Bodies0001":
{
	"frame": {"x":0,"y":0,"w":129,"h":130},
	"rotated": false,
	"trimmed": false,
	"spriteSourceSize": {"x":0,"y":0,"w":129,"h":130},
	"sourceSize": {"w":129,"h":130}
}},
"meta": {
	"app": "Adobe Animate",
	"version": "24.0.0.305",
	"image": "Bodies.png",
	"format": "RGBA8888",
	"size": {"w":256,"h":256},
	"scale": "1"
}
}
