﻿{"frames": {

"RepeatingUI0000":
{
	"frame": {"x":4,"y":4,"w":100,"h":100},
	"rotated": false,
	"trimmed": false,
	"spriteSourceSize": {"x":0,"y":0,"w":100,"h":100},
	"sourceSize": {"w":100,"h":100}
},
"RepeatingUI0001":
{
	"frame": {"x":108,"y":4,"w":100,"h":100},
	"rotated": false,
	"trimmed": false,
	"spriteSourceSize": {"x":0,"y":0,"w":100,"h":100},
	"sourceSize": {"w":100,"h":100}
},
"RepeatingUI0002":
{
	"frame": {"x":4,"y":108,"w":100,"h":100},
	"rotated": false,
	"trimmed": false,
	"spriteSourceSize": {"x":0,"y":0,"w":100,"h":100},
	"sourceSize": {"w":100,"h":100}
},
"RepeatingUI0003":
{
	"frame": {"x":108,"y":108,"w":100,"h":100},
	"rotated": false,
	"trimmed": false,
	"spriteSourceSize": {"x":0,"y":0,"w":100,"h":100},
	"sourceSize": {"w":100,"h":100}
}},
"meta": {
	"app": "Adobe Animate",
	"version": "24.0.1.329",
	"image": "RepeatingUI.png",
	"format": "RGBA8888",
	"size": {"w":256,"h":256},
	"scale": "1"
}
}
