﻿{"frames": {

"Mouth0000":
{
	"frame": {"x":4,"y":4,"w":19,"h":19},
	"rotated": false,
	"trimmed": true,
	"spriteSourceSize": {"x":91,"y":81,"w":200,"h":200},
	"sourceSize": {"w":200,"h":200}
},
"Mouth0001":
{
	"frame": {"x":27,"y":4,"w":61,"h":23},
	"rotated": false,
	"trimmed": true,
	"spriteSourceSize": {"x":71,"y":78,"w":200,"h":200},
	"sourceSize": {"w":200,"h":200}
},
"Mouth0002":
{
	"frame": {"x":92,"y":4,"w":52,"h":27},
	"rotated": false,
	"trimmed": true,
	"spriteSourceSize": {"x":77,"y":81,"w":200,"h":200},
	"sourceSize": {"w":200,"h":200}
},
"Mouth0003":
{
	"frame": {"x":148,"y":4,"w":55,"h":45},
	"rotated": false,
	"trimmed": true,
	"spriteSourceSize": {"x":71,"y":70,"w":200,"h":200},
	"sourceSize": {"w":200,"h":200}
},
"Mouth0004":
{
	"frame": {"x":207,"y":4,"w":65,"h":30},
	"rotated": false,
	"trimmed": true,
	"spriteSourceSize": {"x":64,"y":79,"w":200,"h":200},
	"sourceSize": {"w":200,"h":200}
},
"Mouth0005":
{
	"frame": {"x":276,"y":4,"w":60,"h":35},
	"rotated": false,
	"trimmed": true,
	"spriteSourceSize": {"x":69,"y":79,"w":200,"h":200},
	"sourceSize": {"w":200,"h":200}
},
"Mouth0006":
{
	"frame": {"x":340,"y":4,"w":61,"h":38},
	"rotated": false,
	"trimmed": true,
	"spriteSourceSize": {"x":68,"y":78,"w":200,"h":200},
	"sourceSize": {"w":200,"h":200}
},
"Mouth0007":
{
	"frame": {"x":405,"y":4,"w":63,"h":50},
	"rotated": false,
	"trimmed": true,
	"spriteSourceSize": {"x":72,"y":70,"w":200,"h":200},
	"sourceSize": {"w":200,"h":200}
},
"Mouth0008":
{
	"frame": {"x":4,"y":58,"w":55,"h":45},
	"rotated": false,
	"trimmed": true,
	"spriteSourceSize": {"x":71,"y":70,"w":200,"h":200},
	"sourceSize": {"w":200,"h":200}
},
"Mouth0009":
{
	"frame": {"x":63,"y":58,"w":67,"h":34},
	"rotated": false,
	"trimmed": true,
	"spriteSourceSize": {"x":64,"y":75,"w":200,"h":200},
	"sourceSize": {"w":200,"h":200}
},
"Mouth0010":
{
	"frame": {"x":134,"y":58,"w":63,"h":50},
	"rotated": false,
	"trimmed": true,
	"spriteSourceSize": {"x":72,"y":70,"w":200,"h":200},
	"sourceSize": {"w":200,"h":200}
},
"Mouth0011":
{
	"frame": {"x":201,"y":58,"w":59,"h":24},
	"rotated": false,
	"trimmed": true,
	"spriteSourceSize": {"x":70,"y":80,"w":200,"h":200},
	"sourceSize": {"w":200,"h":200}
},
"Mouth0012":
{
	"frame": {"x":264,"y":58,"w":64,"h":10},
	"rotated": false,
	"trimmed": true,
	"spriteSourceSize": {"x":72,"y":85,"w":200,"h":200},
	"sourceSize": {"w":200,"h":200}
},
"Mouth0013":
{
	"frame": {"x":332,"y":58,"w":24,"h":22},
	"rotated": false,
	"trimmed": true,
	"spriteSourceSize": {"x":105,"y":80,"w":200,"h":200},
	"sourceSize": {"w":200,"h":200}
},
"Mouth0014":
{
	"frame": {"x":360,"y":58,"w":18,"h":17},
	"rotated": false,
	"trimmed": true,
	"spriteSourceSize": {"x":114,"y":79,"w":200,"h":200},
	"sourceSize": {"w":200,"h":200}
},
"Mouth0015":
{
	"frame": {"x":382,"y":58,"w":59,"h":22},
	"rotated": false,
	"trimmed": true,
	"spriteSourceSize": {"x":71,"y":84,"w":200,"h":200},
	"sourceSize": {"w":200,"h":200}
},
"Mouth0016":
{
	"frame": {"x":445,"y":58,"w":48,"h":27},
	"rotated": false,
	"trimmed": true,
	"spriteSourceSize": {"x":78,"y":78,"w":200,"h":200},
	"sourceSize": {"w":200,"h":200}
},
"Mouth0017":
{
	"frame": {"x":4,"y":112,"w":55,"h":45},
	"rotated": false,
	"trimmed": true,
	"spriteSourceSize": {"x":71,"y":70,"w":200,"h":200},
	"sourceSize": {"w":200,"h":200}
},
"Mouth0018":
{
	"frame": {"x":63,"y":112,"w":39,"h":23},
	"rotated": false,
	"trimmed": true,
	"spriteSourceSize": {"x":74,"y":80,"w":200,"h":200},
	"sourceSize": {"w":200,"h":200}
},
"Mouth0019":
{
	"frame": {"x":106,"y":112,"w":41,"h":16},
	"rotated": false,
	"trimmed": true,
	"spriteSourceSize": {"x":99,"y":82,"w":200,"h":200},
	"sourceSize": {"w":200,"h":200}
},
"Mouth0020":
{
	"frame": {"x":151,"y":112,"w":55,"h":27},
	"rotated": false,
	"trimmed": true,
	"spriteSourceSize": {"x":74,"y":78,"w":200,"h":200},
	"sourceSize": {"w":200,"h":200}
},
"Mouth0021":
{
	"frame": {"x":210,"y":112,"w":55,"h":31},
	"rotated": false,
	"trimmed": true,
	"spriteSourceSize": {"x":74,"y":78,"w":200,"h":200},
	"sourceSize": {"w":200,"h":200}
},
"Mouth0022":
{
	"frame": {"x":269,"y":112,"w":55,"h":38},
	"rotated": false,
	"trimmed": true,
	"spriteSourceSize": {"x":74,"y":78,"w":200,"h":200},
	"sourceSize": {"w":200,"h":200}
},
"Mouth0023":
{
	"frame": {"x":328,"y":112,"w":56,"h":52},
	"rotated": false,
	"trimmed": true,
	"spriteSourceSize": {"x":74,"y":72,"w":200,"h":200},
	"sourceSize": {"w":200,"h":200}
},
"Mouth0024":
{
	"frame": {"x":388,"y":112,"w":55,"h":45},
	"rotated": false,
	"trimmed": true,
	"spriteSourceSize": {"x":71,"y":70,"w":200,"h":200},
	"sourceSize": {"w":200,"h":200}
},
"Mouth0025":
{
	"frame": {"x":447,"y":112,"w":42,"h":32},
	"rotated": false,
	"trimmed": true,
	"spriteSourceSize": {"x":70,"y":75,"w":200,"h":200},
	"sourceSize": {"w":200,"h":200}
},
"Mouth0026":
{
	"frame": {"x":4,"y":168,"w":56,"h":27},
	"rotated": false,
	"trimmed": true,
	"spriteSourceSize": {"x":74,"y":78,"w":200,"h":200},
	"sourceSize": {"w":200,"h":200}
},
"Mouth0027":
{
	"frame": {"x":64,"y":168,"w":56,"h":52},
	"rotated": false,
	"trimmed": true,
	"spriteSourceSize": {"x":74,"y":72,"w":200,"h":200},
	"sourceSize": {"w":200,"h":200}
},
"Mouth0028":
{
	"frame": {"x":124,"y":168,"w":70,"h":45},
	"rotated": false,
	"trimmed": true,
	"spriteSourceSize": {"x":71,"y":70,"w":200,"h":200},
	"sourceSize": {"w":200,"h":200}
},
"Mouth0029":
{
	"frame": {"x":198,"y":168,"w":55,"h":19},
	"rotated": false,
	"trimmed": true,
	"spriteSourceSize": {"x":75,"y":78,"w":200,"h":200},
	"sourceSize": {"w":200,"h":200}
},
"Mouth0030":
{
	"frame": {"x":257,"y":168,"w":32,"h":29},
	"rotated": false,
	"trimmed": true,
	"spriteSourceSize": {"x":109,"y":76,"w":200,"h":200},
	"sourceSize": {"w":200,"h":200}
},
"Mouth0031":
{
	"frame": {"x":293,"y":168,"w":71,"h":33},
	"rotated": false,
	"trimmed": true,
	"spriteSourceSize": {"x":67,"y":76,"w":200,"h":200},
	"sourceSize": {"w":200,"h":200}
},
"Mouth0032":
{
	"frame": {"x":4,"y":224,"w":200,"h":200},
	"rotated": false,
	"trimmed": false,
	"spriteSourceSize": {"x":0,"y":0,"w":200,"h":200},
	"sourceSize": {"w":200,"h":200}
}},
"meta": {
	"app": "Adobe Animate",
	"version": "24.0.0.305",
	"image": "Mouths.png",
	"format": "RGBA8888",
	"size": {"w":512,"h":512},
	"scale": "1"
}
}
