﻿{"frames": {

"GameUI0000":
{
	"frame": {"x":4,"y":4,"w":192,"h":192},
	"rotated": false,
	"trimmed": true,
	"spriteSourceSize": {"x":624,"y":624,"w":1440,"h":1441},
	"sourceSize": {"w":1440,"h":1441}
},
"GameUI0001":
{
	"frame": {"x":206,"y":4,"w":192,"h":192},
	"rotated": false,
	"trimmed": true,
	"spriteSourceSize": {"x":624,"y":624,"w":1440,"h":1441},
	"sourceSize": {"w":1440,"h":1441}
},
"GameUI0002":
{
	"frame": {"x":408,"y":4,"w":192,"h":192},
	"rotated": false,
	"trimmed": true,
	"spriteSourceSize": {"x":624,"y":624,"w":1440,"h":1441},
	"sourceSize": {"w":1440,"h":1441}
},
"GameUI0003":
{
	"frame": {"x":610,"y":4,"w":192,"h":192},
	"rotated": false,
	"trimmed": true,
	"spriteSourceSize": {"x":624,"y":624,"w":1440,"h":1441},
	"sourceSize": {"w":1440,"h":1441}
},
"GameUI0004":
{
	"frame": {"x":812,"y":4,"w":192,"h":192},
	"rotated": false,
	"trimmed": true,
	"spriteSourceSize": {"x":624,"y":624,"w":1440,"h":1441},
	"sourceSize": {"w":1440,"h":1441}
},
"GameUI0005":
{
	"frame": {"x":1014,"y":4,"w":192,"h":192},
	"rotated": false,
	"trimmed": true,
	"spriteSourceSize": {"x":624,"y":624,"w":1440,"h":1441},
	"sourceSize": {"w":1440,"h":1441}
},
"GameUI0006":
{
	"frame": {"x":1216,"y":4,"w":192,"h":192},
	"rotated": false,
	"trimmed": true,
	"spriteSourceSize": {"x":624,"y":624,"w":1440,"h":1441},
	"sourceSize": {"w":1440,"h":1441}
},
"GameUI0007":
{
	"frame": {"x":1418,"y":4,"w":123,"h":139},
	"rotated": false,
	"trimmed": true,
	"spriteSourceSize": {"x":659,"y":651,"w":1440,"h":1441},
	"sourceSize": {"w":1440,"h":1441}
},
"GameUI0008":
{
	"frame": {"x":1551,"y":4,"w":324,"h":324},
	"rotated": false,
	"trimmed": true,
	"spriteSourceSize": {"x":562,"y":562,"w":1440,"h":1441},
	"sourceSize": {"w":1440,"h":1441}
},
"GameUI0009":
{
	"frame": {"x":1885,"y":4,"w":430,"h":102},
	"rotated": false,
	"trimmed": true,
	"spriteSourceSize": {"x":503,"y":669,"w":1440,"h":1441},
	"sourceSize": {"w":1440,"h":1441}
},
"GameUI0010":
{
	"frame": {"x":2325,"y":4,"w":714,"h":809},
	"rotated": false,
	"trimmed": true,
	"spriteSourceSize": {"x":363,"y":316,"w":1440,"h":1441},
	"sourceSize": {"w":1440,"h":1441}
},
"GameUI0011":
{
	"frame": {"x":3049,"y":4,"w":184,"h":184},
	"rotated": false,
	"trimmed": true,
	"spriteSourceSize": {"x":628,"y":628,"w":1440,"h":1441},
	"sourceSize": {"w":1440,"h":1441}
},
"GameUI0012":
{
	"frame": {"x":3243,"y":4,"w":184,"h":184},
	"rotated": false,
	"trimmed": true,
	"spriteSourceSize": {"x":628,"y":628,"w":1440,"h":1441},
	"sourceSize": {"w":1440,"h":1441}
},
"GameUI0013":
{
	"frame": {"x":3437,"y":4,"w":65,"h":57},
	"rotated": false,
	"trimmed": true,
	"spriteSourceSize": {"x":688,"y":691,"w":1440,"h":1441},
	"sourceSize": {"w":1440,"h":1441}
},
"GameUI0014":
{
	"frame": {"x":3512,"y":4,"w":75,"h":67},
	"rotated": false,
	"trimmed": true,
	"spriteSourceSize": {"x":683,"y":686,"w":1440,"h":1441},
	"sourceSize": {"w":1440,"h":1441}
},
"GameUI0015":
{
	"frame": {"x":3597,"y":4,"w":128,"h":128},
	"rotated": false,
	"trimmed": true,
	"spriteSourceSize": {"x":656,"y":656,"w":1440,"h":1441},
	"sourceSize": {"w":1440,"h":1441}
},
"GameUI0016":
{
	"frame": {"x":3735,"y":4,"w":192,"h":192},
	"rotated": false,
	"trimmed": true,
	"spriteSourceSize": {"x":624,"y":624,"w":1440,"h":1441},
	"sourceSize": {"w":1440,"h":1441}
},
"GameUI0017":
{
	"frame": {"x":4,"y":823,"w":192,"h":192},
	"rotated": false,
	"trimmed": true,
	"spriteSourceSize": {"x":625,"y":624,"w":1440,"h":1441},
	"sourceSize": {"w":1440,"h":1441}
},
"GameUI0018":
{
	"frame": {"x":206,"y":823,"w":123,"h":123},
	"rotated": false,
	"trimmed": true,
	"spriteSourceSize": {"x":659,"y":659,"w":1440,"h":1441},
	"sourceSize": {"w":1440,"h":1441}
},
"GameUI0019":
{
	"frame": {"x":339,"y":823,"w":519,"h":518},
	"rotated": false,
	"trimmed": true,
	"spriteSourceSize": {"x":461,"y":462,"w":1440,"h":1441},
	"sourceSize": {"w":1440,"h":1441}
},
"GameUI0020":
{
	"frame": {"x":868,"y":823,"w":192,"h":192},
	"rotated": false,
	"trimmed": true,
	"spriteSourceSize": {"x":625,"y":624,"w":1440,"h":1441},
	"sourceSize": {"w":1440,"h":1441}
},
"GameUI0021":
{
	"frame": {"x":1070,"y":823,"w":144,"h":144},
	"rotated": false,
	"trimmed": true,
	"spriteSourceSize": {"x":648,"y":648,"w":1440,"h":1441},
	"sourceSize": {"w":1440,"h":1441}
},
"GameUI0022":
{
	"frame": {"x":1224,"y":823,"w":144,"h":144},
	"rotated": false,
	"trimmed": true,
	"spriteSourceSize": {"x":648,"y":648,"w":1440,"h":1441},
	"sourceSize": {"w":1440,"h":1441}
},
"GameUI0023":
{
	"frame": {"x":1378,"y":823,"w":144,"h":144},
	"rotated": false,
	"trimmed": true,
	"spriteSourceSize": {"x":648,"y":648,"w":1440,"h":1441},
	"sourceSize": {"w":1440,"h":1441}
},
"GameUI0024":
{
	"frame": {"x":1532,"y":823,"w":102,"h":102},
	"rotated": false,
	"trimmed": true,
	"spriteSourceSize": {"x":669,"y":669,"w":1440,"h":1441},
	"sourceSize": {"w":1440,"h":1441}
},
"GameUI0025":
{
	"frame": {"x":1644,"y":823,"w":64,"h":64},
	"rotated": false,
	"trimmed": true,
	"spriteSourceSize": {"x":688,"y":688,"w":1440,"h":1441},
	"sourceSize": {"w":1440,"h":1441}
},
"GameUI0026":
{
	"frame": {"x":1718,"y":823,"w":64,"h":64},
	"rotated": false,
	"trimmed": true,
	"spriteSourceSize": {"x":688,"y":688,"w":1440,"h":1441},
	"sourceSize": {"w":1440,"h":1441}
},
"GameUI0027":
{
	"frame": {"x":1792,"y":823,"w":192,"h":192},
	"rotated": false,
	"trimmed": true,
	"spriteSourceSize": {"x":624,"y":624,"w":1440,"h":1441},
	"sourceSize": {"w":1440,"h":1441}
},
"GameUI0028":
{
	"frame": {"x":1994,"y":823,"w":192,"h":192},
	"rotated": false,
	"trimmed": true,
	"spriteSourceSize": {"x":624,"y":624,"w":1440,"h":1441},
	"sourceSize": {"w":1440,"h":1441}
},
"GameUI0029":
{
	"frame": {"x":2196,"y":823,"w":202,"h":199},
	"rotated": false,
	"trimmed": true,
	"spriteSourceSize": {"x":620,"y":621,"w":1440,"h":1441},
	"sourceSize": {"w":1440,"h":1441}
},
"GameUI0030":
{
	"frame": {"x":2408,"y":823,"w":191,"h":241},
	"rotated": false,
	"trimmed": true,
	"spriteSourceSize": {"x":624,"y":601,"w":1440,"h":1441},
	"sourceSize": {"w":1440,"h":1441}
},
"GameUI0031":
{
	"frame": {"x":2609,"y":823,"w":128,"h":128},
	"rotated": false,
	"trimmed": true,
	"spriteSourceSize": {"x":656,"y":656,"w":1440,"h":1441},
	"sourceSize": {"w":1440,"h":1441}
},
"GameUI0032":
{
	"frame": {"x":2747,"y":823,"w":184,"h":184},
	"rotated": false,
	"trimmed": true,
	"spriteSourceSize": {"x":628,"y":628,"w":1440,"h":1441},
	"sourceSize": {"w":1440,"h":1441}
},
"GameUI0033":
{
	"frame": {"x":2941,"y":823,"w":192,"h":192},
	"rotated": false,
	"trimmed": true,
	"spriteSourceSize": {"x":625,"y":624,"w":1440,"h":1441},
	"sourceSize": {"w":1440,"h":1441}
},
"GameUI0034":
{
	"frame": {"x":3143,"y":823,"w":184,"h":184},
	"rotated": false,
	"trimmed": true,
	"spriteSourceSize": {"x":628,"y":628,"w":1440,"h":1441},
	"sourceSize": {"w":1440,"h":1441}
},
"GameUI0035":
{
	"frame": {"x":3337,"y":823,"w":192,"h":192},
	"rotated": false,
	"trimmed": true,
	"spriteSourceSize": {"x":625,"y":624,"w":1440,"h":1441},
	"sourceSize": {"w":1440,"h":1441}
},
"GameUI0036":
{
	"frame": {"x":3539,"y":823,"w":192,"h":225},
	"rotated": false,
	"trimmed": true,
	"spriteSourceSize": {"x":625,"y":602,"w":1440,"h":1441},
	"sourceSize": {"w":1440,"h":1441}
},
"GameUI0037":
{
	"frame": {"x":3741,"y":823,"w":125,"h":197},
	"rotated": false,
	"trimmed": true,
	"spriteSourceSize": {"x":658,"y":620,"w":1440,"h":1441},
	"sourceSize": {"w":1440,"h":1441}
},
"GameUI0038":
{
	"frame": {"x":3876,"y":823,"w":173,"h":175},
	"rotated": false,
	"trimmed": true,
	"spriteSourceSize": {"x":632,"y":633,"w":1440,"h":1441},
	"sourceSize": {"w":1440,"h":1441}
},
"GameUI0039":
{
	"frame": {"x":4,"y":1351,"w":204,"h":205},
	"rotated": false,
	"trimmed": true,
	"spriteSourceSize": {"x":621,"y":617,"w":1440,"h":1441},
	"sourceSize": {"w":1440,"h":1441}
},
"GameUI0040":
{
	"frame": {"x":218,"y":1351,"w":173,"h":197},
	"rotated": false,
	"trimmed": true,
	"spriteSourceSize": {"x":634,"y":622,"w":1440,"h":1441},
	"sourceSize": {"w":1440,"h":1441}
},
"GameUI0041":
{
	"frame": {"x":401,"y":1351,"w":127,"h":166},
	"rotated": false,
	"trimmed": true,
	"spriteSourceSize": {"x":657,"y":638,"w":1440,"h":1441},
	"sourceSize": {"w":1440,"h":1441}
},
"GameUI0042":
{
	"frame": {"x":538,"y":1351,"w":184,"h":184},
	"rotated": false,
	"trimmed": true,
	"spriteSourceSize": {"x":628,"y":628,"w":1440,"h":1441},
	"sourceSize": {"w":1440,"h":1441}
},
"GameUI0043":
{
	"frame": {"x":732,"y":1351,"w":99,"h":99},
	"rotated": false,
	"trimmed": true,
	"spriteSourceSize": {"x":671,"y":671,"w":1440,"h":1441},
	"sourceSize": {"w":1440,"h":1441}
},
"GameUI0044":
{
	"frame": {"x":841,"y":1351,"w":1440,"h":1441},
	"rotated": false,
	"trimmed": false,
	"spriteSourceSize": {"x":0,"y":0,"w":1440,"h":1441},
	"sourceSize": {"w":1440,"h":1441}
}},
"meta": {
	"app": "Adobe Animate",
	"version": "24.0.0.305",
	"image": "GameUI.png",
	"format": "RGBA8888",
	"size": {"w":4096,"h":4096},
	"scale": "2"
}
}
