﻿{"frames": {

"GameThumbnails0000":
{
	"frame": {"x":4,"y":4,"w":600,"h":600},
	"rotated": false,
	"trimmed": false,
	"spriteSourceSize": {"x":0,"y":0,"w":600,"h":600},
	"sourceSize": {"w":600,"h":600}
},
"GameThumbnails0001":
{
	"frame": {"x":614,"y":4,"w":600,"h":600},
	"rotated": false,
	"trimmed": false,
	"spriteSourceSize": {"x":0,"y":0,"w":600,"h":600},
	"sourceSize": {"w":600,"h":600}
},
"GameThumbnails0002":
{
	"frame": {"x":1224,"y":4,"w":600,"h":600},
	"rotated": false,
	"trimmed": false,
	"spriteSourceSize": {"x":0,"y":0,"w":600,"h":600},
	"sourceSize": {"w":600,"h":600}
},
"GameThumbnails0003":
{
	"frame": {"x":4,"y":614,"w":600,"h":600},
	"rotated": false,
	"trimmed": false,
	"spriteSourceSize": {"x":0,"y":0,"w":600,"h":600},
	"sourceSize": {"w":600,"h":600}
},
"GameThumbnails0004":
{
	"frame": {"x":614,"y":614,"w":322,"h":508},
	"rotated": false,
	"trimmed": true,
	"spriteSourceSize": {"x":143,"y":39,"w":600,"h":600},
	"sourceSize": {"w":600,"h":600}
},
"GameThumbnails0005":
{
	"frame": {"x":946,"y":614,"w":600,"h":600},
	"rotated": false,
	"trimmed": false,
	"spriteSourceSize": {"x":0,"y":0,"w":600,"h":600},
	"sourceSize": {"w":600,"h":600}
},
"GameThumbnails0006":
{
	"frame": {"x":4,"y":1224,"w":600,"h":600},
	"rotated": false,
	"trimmed": false,
	"spriteSourceSize": {"x":0,"y":0,"w":600,"h":600},
	"sourceSize": {"w":600,"h":600}
},
"GameThumbnails0007":
{
	"frame": {"x":614,"y":1224,"w":600,"h":600},
	"rotated": false,
	"trimmed": false,
	"spriteSourceSize": {"x":0,"y":0,"w":600,"h":600},
	"sourceSize": {"w":600,"h":600}
}},
"meta": {
	"app": "Adobe Animate",
	"version": "24.0.0.305",
	"image": "GameThumbnails.png",
	"format": "RGBA8888",
	"size": {"w":2048,"h":2048},
	"scale": "2"
}
}
