﻿{"frames": {

"Bodies0000":
{
	"frame": {"x":4,"y":4,"w":409,"h":42},
	"rotated": false,
	"trimmed": true,
	"spriteSourceSize": {"x":194,"y":380,"w":800,"h":800},
	"sourceSize": {"w":800,"h":800}
},
"Bodies0001":
{
	"frame": {"x":417,"y":4,"w":91,"h":128},
	"rotated": false,
	"trimmed": true,
	"spriteSourceSize": {"x":355,"y":336,"w":800,"h":800},
	"sourceSize": {"w":800,"h":800}
},
"Bodies0002":
{
	"frame": {"x":512,"y":4,"w":59,"h":59},
	"rotated": false,
	"trimmed": true,
	"spriteSourceSize": {"x":371,"y":371,"w":800,"h":800},
	"sourceSize": {"w":800,"h":800}
},
"Bodies0003":
{
	"frame": {"x":575,"y":4,"w":143,"h":143},
	"rotated": false,
	"trimmed": true,
	"spriteSourceSize": {"x":328,"y":328,"w":800,"h":800},
	"sourceSize": {"w":800,"h":800}
},
"Bodies0004":
{
	"frame": {"x":722,"y":4,"w":132,"h":144},
	"rotated": false,
	"trimmed": true,
	"spriteSourceSize": {"x":327,"y":329,"w":800,"h":800},
	"sourceSize": {"w":800,"h":800}
},
"Bodies0005":
{
	"frame": {"x":858,"y":4,"w":145,"h":151},
	"rotated": false,
	"trimmed": true,
	"spriteSourceSize": {"x":321,"y":331,"w":800,"h":800},
	"sourceSize": {"w":800,"h":800}
},
"Bodies0006":
{
	"frame": {"x":1007,"y":4,"w":132,"h":134},
	"rotated": false,
	"trimmed": true,
	"spriteSourceSize": {"x":327,"y":339,"w":800,"h":800},
	"sourceSize": {"w":800,"h":800}
},
"Bodies0007":
{
	"frame": {"x":1143,"y":4,"w":199,"h":201},
	"rotated": false,
	"trimmed": true,
	"spriteSourceSize": {"x":298,"y":300,"w":800,"h":800},
	"sourceSize": {"w":800,"h":800}
},
"Bodies0008":
{
	"frame": {"x":1346,"y":4,"w":123,"h":113},
	"rotated": false,
	"trimmed": true,
	"spriteSourceSize": {"x":339,"y":343,"w":800,"h":800},
	"sourceSize": {"w":800,"h":800}
},
"Bodies0009":
{
	"frame": {"x":1473,"y":4,"w":45,"h":115},
	"rotated": false,
	"trimmed": true,
	"spriteSourceSize": {"x":380,"y":343,"w":800,"h":800},
	"sourceSize": {"w":800,"h":800}
},
"Bodies0010":
{
	"frame": {"x":1522,"y":4,"w":190,"h":183},
	"rotated": false,
	"trimmed": true,
	"spriteSourceSize": {"x":305,"y":308,"w":800,"h":800},
	"sourceSize": {"w":800,"h":800}
},
"Bodies0011":
{
	"frame": {"x":1716,"y":4,"w":140,"h":163},
	"rotated": false,
	"trimmed": true,
	"spriteSourceSize": {"x":330,"y":318,"w":800,"h":800},
	"sourceSize": {"w":800,"h":800}
},
"Bodies0012":
{
	"frame": {"x":1860,"y":4,"w":161,"h":187},
	"rotated": false,
	"trimmed": true,
	"spriteSourceSize": {"x":319,"y":304,"w":800,"h":800},
	"sourceSize": {"w":800,"h":800}
},
"Bodies0013":
{
	"frame": {"x":4,"y":209,"w":161,"h":192},
	"rotated": false,
	"trimmed": true,
	"spriteSourceSize": {"x":319,"y":299,"w":800,"h":800},
	"sourceSize": {"w":800,"h":800}
},
"Bodies0014":
{
	"frame": {"x":169,"y":209,"w":161,"h":190},
	"rotated": false,
	"trimmed": true,
	"spriteSourceSize": {"x":319,"y":301,"w":800,"h":800},
	"sourceSize": {"w":800,"h":800}
},
"Bodies0015":
{
	"frame": {"x":334,"y":209,"w":161,"h":188},
	"rotated": false,
	"trimmed": true,
	"spriteSourceSize": {"x":319,"y":303,"w":800,"h":800},
	"sourceSize": {"w":800,"h":800}
},
"Bodies0016":
{
	"frame": {"x":499,"y":209,"w":161,"h":186},
	"rotated": false,
	"trimmed": true,
	"spriteSourceSize": {"x":319,"y":305,"w":800,"h":800},
	"sourceSize": {"w":800,"h":800}
},
"Bodies0017":
{
	"frame": {"x":664,"y":209,"w":161,"h":186},
	"rotated": false,
	"trimmed": true,
	"spriteSourceSize": {"x":319,"y":305,"w":800,"h":800},
	"sourceSize": {"w":800,"h":800}
},
"Bodies0018":
{
	"frame": {"x":829,"y":209,"w":161,"h":186},
	"rotated": false,
	"trimmed": true,
	"spriteSourceSize": {"x":319,"y":305,"w":800,"h":800},
	"sourceSize": {"w":800,"h":800}
},
"Bodies0019":
{
	"frame": {"x":994,"y":209,"w":161,"h":186},
	"rotated": false,
	"trimmed": true,
	"spriteSourceSize": {"x":319,"y":305,"w":800,"h":800},
	"sourceSize": {"w":800,"h":800}
},
"Bodies0020":
{
	"frame": {"x":1159,"y":209,"w":161,"h":187},
	"rotated": false,
	"trimmed": true,
	"spriteSourceSize": {"x":319,"y":304,"w":800,"h":800},
	"sourceSize": {"w":800,"h":800}
},
"Bodies0021":
{
	"frame": {"x":1324,"y":209,"w":162,"h":188},
	"rotated": false,
	"trimmed": true,
	"spriteSourceSize": {"x":319,"y":303,"w":800,"h":800},
	"sourceSize": {"w":800,"h":800}
},
"Bodies0022":
{
	"frame": {"x":1490,"y":209,"w":162,"h":190},
	"rotated": false,
	"trimmed": true,
	"spriteSourceSize": {"x":319,"y":301,"w":800,"h":800},
	"sourceSize": {"w":800,"h":800}
},
"Bodies0023":
{
	"frame": {"x":1656,"y":209,"w":162,"h":192},
	"rotated": false,
	"trimmed": true,
	"spriteSourceSize": {"x":319,"y":299,"w":800,"h":800},
	"sourceSize": {"w":800,"h":800}
},
"Bodies0024":
{
	"frame": {"x":1822,"y":209,"w":161,"h":195},
	"rotated": false,
	"trimmed": true,
	"spriteSourceSize": {"x":319,"y":296,"w":800,"h":800},
	"sourceSize": {"w":800,"h":800}
},
"Bodies0025":
{
	"frame": {"x":4,"y":408,"w":161,"h":196},
	"rotated": false,
	"trimmed": true,
	"spriteSourceSize": {"x":319,"y":295,"w":800,"h":800},
	"sourceSize": {"w":800,"h":800}
},
"Bodies0026":
{
	"frame": {"x":169,"y":408,"w":161,"h":197},
	"rotated": false,
	"trimmed": true,
	"spriteSourceSize": {"x":319,"y":294,"w":800,"h":800},
	"sourceSize": {"w":800,"h":800}
},
"Bodies0027":
{
	"frame": {"x":334,"y":408,"w":161,"h":194},
	"rotated": false,
	"trimmed": true,
	"spriteSourceSize": {"x":319,"y":297,"w":800,"h":800},
	"sourceSize": {"w":800,"h":800}
},
"Bodies0028":
{
	"frame": {"x":499,"y":408,"w":161,"h":191},
	"rotated": false,
	"trimmed": true,
	"spriteSourceSize": {"x":319,"y":300,"w":800,"h":800},
	"sourceSize": {"w":800,"h":800}
},
"Bodies0029":
{
	"frame": {"x":664,"y":408,"w":161,"h":189},
	"rotated": false,
	"trimmed": true,
	"spriteSourceSize": {"x":319,"y":302,"w":800,"h":800},
	"sourceSize": {"w":800,"h":800}
},
"Bodies0030":
{
	"frame": {"x":829,"y":408,"w":201,"h":195},
	"rotated": false,
	"trimmed": true,
	"spriteSourceSize": {"x":299,"y":303,"w":800,"h":800},
	"sourceSize": {"w":800,"h":800}
},
"Bodies0031":
{
	"frame": {"x":1034,"y":408,"w":25,"h":117},
	"rotated": false,
	"trimmed": true,
	"spriteSourceSize": {"x":388,"y":342,"w":800,"h":800},
	"sourceSize": {"w":800,"h":800}
},
"Bodies0032":
{
	"frame": {"x":1063,"y":408,"w":9,"h":118},
	"rotated": false,
	"trimmed": true,
	"spriteSourceSize": {"x":405,"y":341,"w":800,"h":800},
	"sourceSize": {"w":800,"h":800}
},
"Bodies0033":
{
	"frame": {"x":1076,"y":408,"w":127,"h":127},
	"rotated": false,
	"trimmed": true,
	"spriteSourceSize": {"x":336,"y":336,"w":800,"h":800},
	"sourceSize": {"w":800,"h":800}
},
"Bodies0034":
{
	"frame": {"x":1207,"y":408,"w":146,"h":151},
	"rotated": false,
	"trimmed": true,
	"spriteSourceSize": {"x":327,"y":324,"w":800,"h":800},
	"sourceSize": {"w":800,"h":800}
},
"Bodies0035":
{
	"frame": {"x":1357,"y":408,"w":154,"h":153},
	"rotated": false,
	"trimmed": true,
	"spriteSourceSize": {"x":323,"y":323,"w":800,"h":800},
	"sourceSize": {"w":800,"h":800}
},
"Bodies0036":
{
	"frame": {"x":1515,"y":408,"w":131,"h":131},
	"rotated": false,
	"trimmed": true,
	"spriteSourceSize": {"x":334,"y":333,"w":800,"h":800},
	"sourceSize": {"w":800,"h":800}
},
"Bodies0037":
{
	"frame": {"x":1650,"y":408,"w":113,"h":183},
	"rotated": false,
	"trimmed": true,
	"spriteSourceSize": {"x":343,"y":307,"w":800,"h":800},
	"sourceSize": {"w":800,"h":800}
},
"Bodies0038":
{
	"frame": {"x":1767,"y":408,"w":62,"h":251},
	"rotated": false,
	"trimmed": true,
	"spriteSourceSize": {"x":369,"y":274,"w":800,"h":800},
	"sourceSize": {"w":800,"h":800}
},
"Bodies0039":
{
	"frame": {"x":1833,"y":408,"w":46,"h":254},
	"rotated": false,
	"trimmed": true,
	"spriteSourceSize": {"x":377,"y":274,"w":800,"h":800},
	"sourceSize": {"w":800,"h":800}
},
"Bodies0040":
{
	"frame": {"x":1883,"y":408,"w":59,"h":249},
	"rotated": false,
	"trimmed": true,
	"spriteSourceSize": {"x":372,"y":275,"w":800,"h":800},
	"sourceSize": {"w":800,"h":800}
},
"Bodies0041":
{
	"frame": {"x":1946,"y":408,"w":51,"h":255},
	"rotated": false,
	"trimmed": true,
	"spriteSourceSize": {"x":374,"y":272,"w":800,"h":800},
	"sourceSize": {"w":800,"h":800}
},
"Bodies0042":
{
	"frame": {"x":4,"y":667,"w":134,"h":213},
	"rotated": false,
	"trimmed": true,
	"spriteSourceSize": {"x":333,"y":291,"w":800,"h":800},
	"sourceSize": {"w":800,"h":800}
},
"Bodies0043":
{
	"frame": {"x":142,"y":667,"w":134,"h":213},
	"rotated": false,
	"trimmed": true,
	"spriteSourceSize": {"x":333,"y":291,"w":800,"h":800},
	"sourceSize": {"w":800,"h":800}
},
"Bodies0044":
{
	"frame": {"x":280,"y":667,"w":131,"h":200},
	"rotated": false,
	"trimmed": true,
	"spriteSourceSize": {"x":334,"y":293,"w":800,"h":800},
	"sourceSize": {"w":800,"h":800}
},
"Bodies0045":
{
	"frame": {"x":415,"y":667,"w":153,"h":91},
	"rotated": false,
	"trimmed": true,
	"spriteSourceSize": {"x":323,"y":354,"w":800,"h":800},
	"sourceSize": {"w":800,"h":800}
},
"Bodies0046":
{
	"frame": {"x":572,"y":667,"w":209,"h":209},
	"rotated": false,
	"trimmed": true,
	"spriteSourceSize": {"x":295,"y":295,"w":800,"h":800},
	"sourceSize": {"w":800,"h":800}
},
"Bodies0047":
{
	"frame": {"x":785,"y":667,"w":97,"h":154},
	"rotated": false,
	"trimmed": true,
	"spriteSourceSize": {"x":351,"y":321,"w":800,"h":800},
	"sourceSize": {"w":800,"h":800}
},
"Bodies0048":
{
	"frame": {"x":886,"y":667,"w":106,"h":178},
	"rotated": false,
	"trimmed": true,
	"spriteSourceSize": {"x":349,"y":301,"w":800,"h":800},
	"sourceSize": {"w":800,"h":800}
},
"Bodies0049":
{
	"frame": {"x":996,"y":667,"w":161,"h":169},
	"rotated": false,
	"trimmed": true,
	"spriteSourceSize": {"x":319,"y":315,"w":800,"h":800},
	"sourceSize": {"w":800,"h":800}
},
"Bodies0050":
{
	"frame": {"x":1161,"y":667,"w":156,"h":170},
	"rotated": false,
	"trimmed": true,
	"spriteSourceSize": {"x":324,"y":315,"w":800,"h":800},
	"sourceSize": {"w":800,"h":800}
},
"Bodies0051":
{
	"frame": {"x":1321,"y":667,"w":161,"h":171},
	"rotated": false,
	"trimmed": true,
	"spriteSourceSize": {"x":319,"y":314,"w":800,"h":800},
	"sourceSize": {"w":800,"h":800}
},
"Bodies0052":
{
	"frame": {"x":1486,"y":667,"w":147,"h":175},
	"rotated": false,
	"trimmed": true,
	"spriteSourceSize": {"x":326,"y":309,"w":800,"h":800},
	"sourceSize": {"w":800,"h":800}
},
"Bodies0053":
{
	"frame": {"x":1637,"y":667,"w":105,"h":160},
	"rotated": false,
	"trimmed": true,
	"spriteSourceSize": {"x":350,"y":321,"w":800,"h":800},
	"sourceSize": {"w":800,"h":800}
},
"Bodies0054":
{
	"frame": {"x":4,"y":884,"w":403,"h":251},
	"rotated": false,
	"trimmed": true,
	"spriteSourceSize": {"x":198,"y":274,"w":800,"h":800},
	"sourceSize": {"w":800,"h":800}
},
"Bodies0055":
{
	"frame": {"x":411,"y":884,"w":241,"h":266},
	"rotated": false,
	"trimmed": true,
	"spriteSourceSize": {"x":280,"y":268,"w":800,"h":800},
	"sourceSize": {"w":800,"h":800}
},
"Bodies0056":
{
	"frame": {"x":656,"y":884,"w":202,"h":200},
	"rotated": false,
	"trimmed": true,
	"spriteSourceSize": {"x":299,"y":301,"w":800,"h":800},
	"sourceSize": {"w":800,"h":800}
},
"Bodies0057":
{
	"frame": {"x":862,"y":884,"w":253,"h":253},
	"rotated": false,
	"trimmed": true,
	"spriteSourceSize": {"x":272,"y":270,"w":800,"h":800},
	"sourceSize": {"w":800,"h":800}
},
"Bodies0058":
{
	"frame": {"x":1119,"y":884,"w":200,"h":200},
	"rotated": false,
	"trimmed": true,
	"spriteSourceSize": {"x":300,"y":300,"w":800,"h":800},
	"sourceSize": {"w":800,"h":800}
},
"Bodies0059":
{
	"frame": {"x":1323,"y":884,"w":117,"h":99},
	"rotated": false,
	"trimmed": true,
	"spriteSourceSize": {"x":334,"y":355,"w":800,"h":800},
	"sourceSize": {"w":800,"h":800}
},
"Bodies0060":
{
	"frame": {"x":1444,"y":884,"w":192,"h":111},
	"rotated": false,
	"trimmed": true,
	"spriteSourceSize": {"x":334,"y":357,"w":800,"h":800},
	"sourceSize": {"w":800,"h":800}
},
"Bodies0061":
{
	"frame": {"x":1640,"y":884,"w":116,"h":99},
	"rotated": false,
	"trimmed": true,
	"spriteSourceSize": {"x":334,"y":357,"w":800,"h":800},
	"sourceSize": {"w":800,"h":800}
},
"Bodies0062":
{
	"frame": {"x":1760,"y":884,"w":92,"h":103},
	"rotated": false,
	"trimmed": true,
	"spriteSourceSize": {"x":434,"y":365,"w":800,"h":800},
	"sourceSize": {"w":800,"h":800}
},
"Bodies0063":
{
	"frame": {"x":4,"y":1154,"w":192,"h":110},
	"rotated": false,
	"trimmed": true,
	"spriteSourceSize": {"x":334,"y":359,"w":800,"h":800},
	"sourceSize": {"w":800,"h":800}
},
"Bodies0064":
{
	"frame": {"x":200,"y":1154,"w":192,"h":112},
	"rotated": false,
	"trimmed": true,
	"spriteSourceSize": {"x":334,"y":358,"w":800,"h":800},
	"sourceSize": {"w":800,"h":800}
},
"Bodies0065":
{
	"frame": {"x":396,"y":1154,"w":108,"h":122},
	"rotated": false,
	"trimmed": true,
	"spriteSourceSize": {"x":342,"y":340,"w":800,"h":800},
	"sourceSize": {"w":800,"h":800}
},
"Bodies0066":
{
	"frame": {"x":508,"y":1154,"w":143,"h":163},
	"rotated": false,
	"trimmed": true,
	"spriteSourceSize": {"x":341,"y":328,"w":800,"h":800},
	"sourceSize": {"w":800,"h":800}
},
"Bodies0067":
{
	"frame": {"x":655,"y":1154,"w":19,"h":165},
	"rotated": false,
	"trimmed": true,
	"spriteSourceSize": {"x":391,"y":318,"w":800,"h":800},
	"sourceSize": {"w":800,"h":800}
},
"Bodies0068":
{
	"frame": {"x":678,"y":1154,"w":800,"h":800},
	"rotated": false,
	"trimmed": false,
	"spriteSourceSize": {"x":0,"y":0,"w":800,"h":800},
	"sourceSize": {"w":800,"h":800}
}},
"meta": {
	"app": "Adobe Animate",
	"version": "24.0.0.305",
	"image": "1.png",
	"format": "RGBA8888",
	"size": {"w":2048,"h":2048},
	"scale": "1"
}
}
