﻿{"frames": {

"Food0000":
{
	"frame": {"x":0,"y":0,"w":149,"h":51},
	"rotated": false,
	"trimmed": true,
	"spriteSourceSize": {"x":76,"y":135,"w":300,"h":300},
	"sourceSize": {"w":300,"h":300}
},
"Food0001":
{
	"frame": {"x":153,"y":0,"w":56,"h":56},
	"rotated": false,
	"trimmed": true,
	"spriteSourceSize": {"x":121,"y":124,"w":300,"h":300},
	"sourceSize": {"w":300,"h":300}
},
"Food0002":
{
	"frame": {"x":213,"y":0,"w":57,"h":59},
	"rotated": false,
	"trimmed": true,
	"spriteSourceSize": {"x":121,"y":124,"w":300,"h":300},
	"sourceSize": {"w":300,"h":300}
},
"Food0003":
{
	"frame": {"x":274,"y":0,"w":39,"h":39},
	"rotated": false,
	"trimmed": true,
	"spriteSourceSize": {"x":131,"y":127,"w":300,"h":300},
	"sourceSize": {"w":300,"h":300}
},
"Food0004":
{
	"frame": {"x":317,"y":0,"w":47,"h":54},
	"rotated": false,
	"trimmed": true,
	"spriteSourceSize": {"x":127,"y":124,"w":300,"h":300},
	"sourceSize": {"w":300,"h":300}
},
"Food0005":
{
	"frame": {"x":368,"y":0,"w":88,"h":109},
	"rotated": false,
	"trimmed": true,
	"spriteSourceSize": {"x":91,"y":94,"w":300,"h":300},
	"sourceSize": {"w":300,"h":300}
},
"Food0006":
{
	"frame": {"x":460,"y":0,"w":56,"h":37},
	"rotated": false,
	"trimmed": true,
	"spriteSourceSize": {"x":122,"y":131,"w":300,"h":300},
	"sourceSize": {"w":300,"h":300}
},
"Food0007":
{
	"frame": {"x":520,"y":0,"w":37,"h":39},
	"rotated": false,
	"trimmed": true,
	"spriteSourceSize": {"x":131,"y":130,"w":300,"h":300},
	"sourceSize": {"w":300,"h":300}
},
"Food0008":
{
	"frame": {"x":561,"y":0,"w":37,"h":50},
	"rotated": false,
	"trimmed": true,
	"spriteSourceSize": {"x":132,"y":125,"w":300,"h":300},
	"sourceSize": {"w":300,"h":300}
},
"Food0009":
{
	"frame": {"x":602,"y":0,"w":46,"h":47},
	"rotated": false,
	"trimmed": true,
	"spriteSourceSize": {"x":127,"y":127,"w":300,"h":300},
	"sourceSize": {"w":300,"h":300}
},
"Food0010":
{
	"frame": {"x":652,"y":0,"w":65,"h":27},
	"rotated": false,
	"trimmed": true,
	"spriteSourceSize": {"x":118,"y":137,"w":300,"h":300},
	"sourceSize": {"w":300,"h":300}
},
"Food0011":
{
	"frame": {"x":721,"y":0,"w":122,"h":56},
	"rotated": false,
	"trimmed": true,
	"spriteSourceSize": {"x":74,"y":120,"w":300,"h":300},
	"sourceSize": {"w":300,"h":300}
},
"Food0012":
{
	"frame": {"x":847,"y":0,"w":47,"h":59},
	"rotated": false,
	"trimmed": true,
	"spriteSourceSize": {"x":127,"y":117,"w":300,"h":300},
	"sourceSize": {"w":300,"h":300}
},
"Food0013":
{
	"frame": {"x":898,"y":0,"w":47,"h":59},
	"rotated": false,
	"trimmed": true,
	"spriteSourceSize": {"x":127,"y":117,"w":300,"h":300},
	"sourceSize": {"w":300,"h":300}
},
"Food0014":
{
	"frame": {"x":949,"y":0,"w":63,"h":50},
	"rotated": false,
	"trimmed": true,
	"spriteSourceSize": {"x":119,"y":125,"w":300,"h":300},
	"sourceSize": {"w":300,"h":300}
},
"Food0015":
{
	"frame": {"x":0,"y":113,"w":54,"h":33},
	"rotated": false,
	"trimmed": true,
	"spriteSourceSize": {"x":122,"y":134,"w":300,"h":300},
	"sourceSize": {"w":300,"h":300}
},
"Food0016":
{
	"frame": {"x":58,"y":113,"w":50,"h":30},
	"rotated": false,
	"trimmed": true,
	"spriteSourceSize": {"x":125,"y":137,"w":300,"h":300},
	"sourceSize": {"w":300,"h":300}
},
"Food0017":
{
	"frame": {"x":112,"y":113,"w":59,"h":39},
	"rotated": false,
	"trimmed": true,
	"spriteSourceSize": {"x":121,"y":132,"w":300,"h":300},
	"sourceSize": {"w":300,"h":300}
},
"Food0018":
{
	"frame": {"x":175,"y":113,"w":300,"h":300},
	"rotated": false,
	"trimmed": false,
	"spriteSourceSize": {"x":0,"y":0,"w":300,"h":300},
	"sourceSize": {"w":300,"h":300}
}},
"meta": {
	"app": "Adobe Animate",
	"version": "24.0.0.305",
	"image": "Food.png",
	"format": "RGBA8888",
	"size": {"w":1024,"h":512},
	"scale": "1"
}
}
