﻿{"frames": {

"Grass0000":
{
	"frame": {"x":2,"y":2,"w":1196,"h":604},
	"rotated": false,
	"trimmed": false,
	"spriteSourceSize": {"x":0,"y":0,"w":1196,"h":604},
	"sourceSize": {"w":1196,"h":604}
},
"Grass0001":
{
	"frame": {"x":2,"y":610,"w":1196,"h":604},
	"rotated": false,
	"trimmed": false,
	"spriteSourceSize": {"x":0,"y":0,"w":1196,"h":604},
	"sourceSize": {"w":1196,"h":604}
},
"Grass0002":
{
	"frame": {"x":2,"y":1218,"w":1196,"h":604},
	"rotated": false,
	"trimmed": false,
	"spriteSourceSize": {"x":0,"y":0,"w":1196,"h":604},
	"sourceSize": {"w":1196,"h":604}
}},
"meta": {
	"app": "Adobe Animate",
	"version": "24.0.1.329",
	"image": "Grass.png",
	"format": "RGBA8888",
	"size": {"w":2048,"h":2048},
	"scale": "1"
}
}
