﻿{"frames": {

"Limbs0000":
{
	"frame": {"x":4,"y":4,"w":21,"h":41},
	"rotated": false,
	"trimmed": true,
	"spriteSourceSize": {"x":87,"y":148,"w":200,"h":300},
	"sourceSize": {"w":200,"h":300}
},
"Limbs0001":
{
	"frame": {"x":29,"y":4,"w":27,"h":41},
	"rotated": false,
	"trimmed": true,
	"spriteSourceSize": {"x":75,"y":147,"w":200,"h":300},
	"sourceSize": {"w":200,"h":300}
},
"Limbs0002":
{
	"frame": {"x":60,"y":4,"w":15,"h":45},
	"rotated": false,
	"trimmed": true,
	"spriteSourceSize": {"x":87,"y":148,"w":200,"h":300},
	"sourceSize": {"w":200,"h":300}
},
"Limbs0003":
{
	"frame": {"x":79,"y":4,"w":21,"h":41},
	"rotated": false,
	"trimmed": true,
	"spriteSourceSize": {"x":87,"y":148,"w":200,"h":300},
	"sourceSize": {"w":200,"h":300}
},
"Limbs0004":
{
	"frame": {"x":104,"y":4,"w":50,"h":43},
	"rotated": false,
	"trimmed": true,
	"spriteSourceSize": {"x":74,"y":146,"w":200,"h":300},
	"sourceSize": {"w":200,"h":300}
},
"Limbs0005":
{
	"frame": {"x":158,"y":4,"w":50,"h":43},
	"rotated": false,
	"trimmed": true,
	"spriteSourceSize": {"x":74,"y":146,"w":200,"h":300},
	"sourceSize": {"w":200,"h":300}
},
"Limbs0006":
{
	"frame": {"x":212,"y":4,"w":50,"h":43},
	"rotated": false,
	"trimmed": true,
	"spriteSourceSize": {"x":74,"y":146,"w":200,"h":300},
	"sourceSize": {"w":200,"h":300}
},
"Limbs0007":
{
	"frame": {"x":266,"y":4,"w":50,"h":43},
	"rotated": false,
	"trimmed": true,
	"spriteSourceSize": {"x":74,"y":146,"w":200,"h":300},
	"sourceSize": {"w":200,"h":300}
},
"Limbs0008":
{
	"frame": {"x":320,"y":4,"w":15,"h":40},
	"rotated": false,
	"trimmed": true,
	"spriteSourceSize": {"x":93,"y":149,"w":200,"h":300},
	"sourceSize": {"w":200,"h":300}
},
"Limbs0009":
{
	"frame": {"x":339,"y":4,"w":15,"h":46},
	"rotated": false,
	"trimmed": true,
	"spriteSourceSize": {"x":93,"y":149,"w":200,"h":300},
	"sourceSize": {"w":200,"h":300}
},
"Limbs0010":
{
	"frame": {"x":358,"y":4,"w":22,"h":36},
	"rotated": false,
	"trimmed": true,
	"spriteSourceSize": {"x":97,"y":148,"w":200,"h":300},
	"sourceSize": {"w":200,"h":300}
},
"Limbs0011":
{
	"frame": {"x":384,"y":4,"w":17,"h":42},
	"rotated": false,
	"trimmed": true,
	"spriteSourceSize": {"x":97,"y":148,"w":200,"h":300},
	"sourceSize": {"w":200,"h":300}
},
"Limbs0012":
{
	"frame": {"x":405,"y":4,"w":20,"h":32},
	"rotated": false,
	"trimmed": true,
	"spriteSourceSize": {"x":97,"y":148,"w":200,"h":300},
	"sourceSize": {"w":200,"h":300}
},
"Limbs0013":
{
	"frame": {"x":429,"y":4,"w":24,"h":36},
	"rotated": false,
	"trimmed": true,
	"spriteSourceSize": {"x":97,"y":148,"w":200,"h":300},
	"sourceSize": {"w":200,"h":300}
},
"Limbs0014":
{
	"frame": {"x":457,"y":4,"w":22,"h":35},
	"rotated": false,
	"trimmed": true,
	"spriteSourceSize": {"x":97,"y":149,"w":200,"h":300},
	"sourceSize": {"w":200,"h":300}
},
"Limbs0015":
{
	"frame": {"x":483,"y":4,"w":20,"h":46},
	"rotated": false,
	"trimmed": true,
	"spriteSourceSize": {"x":97,"y":149,"w":200,"h":300},
	"sourceSize": {"w":200,"h":300}
},
"Limbs0016":
{
	"frame": {"x":4,"y":54,"w":17,"h":37},
	"rotated": false,
	"trimmed": true,
	"spriteSourceSize": {"x":97,"y":149,"w":200,"h":300},
	"sourceSize": {"w":200,"h":300}
},
"Limbs0017":
{
	"frame": {"x":25,"y":54,"w":21,"h":35},
	"rotated": false,
	"trimmed": true,
	"spriteSourceSize": {"x":97,"y":149,"w":200,"h":300},
	"sourceSize": {"w":200,"h":300}
},
"Limbs0018":
{
	"frame": {"x":50,"y":54,"w":44,"h":41},
	"rotated": false,
	"trimmed": true,
	"spriteSourceSize": {"x":98,"y":131,"w":200,"h":300},
	"sourceSize": {"w":200,"h":300}
},
"Limbs0019":
{
	"frame": {"x":98,"y":54,"w":44,"h":44},
	"rotated": false,
	"trimmed": true,
	"spriteSourceSize": {"x":97,"y":132,"w":200,"h":300},
	"sourceSize": {"w":200,"h":300}
},
"Limbs0020":
{
	"frame": {"x":457,"y":4,"w":22,"h":35},
	"rotated": false,
	"trimmed": true,
	"spriteSourceSize": {"x":97,"y":149,"w":200,"h":300},
	"sourceSize": {"w":200,"h":300}
},
"Limbs0021":
{
	"frame": {"x":146,"y":54,"w":36,"h":36},
	"rotated": false,
	"trimmed": true,
	"spriteSourceSize": {"x":78,"y":148,"w":200,"h":300},
	"sourceSize": {"w":200,"h":300}
},
"Limbs0022":
{
	"frame": {"x":186,"y":54,"w":38,"h":28},
	"rotated": false,
	"trimmed": true,
	"spriteSourceSize": {"x":68,"y":148,"w":200,"h":300},
	"sourceSize": {"w":200,"h":300}
},
"Limbs0023":
{
	"frame": {"x":228,"y":54,"w":35,"h":25},
	"rotated": false,
	"trimmed": true,
	"spriteSourceSize": {"x":71,"y":148,"w":200,"h":300},
	"sourceSize": {"w":200,"h":300}
},
"Limbs0024":
{
	"frame": {"x":267,"y":54,"w":26,"h":28},
	"rotated": false,
	"trimmed": true,
	"spriteSourceSize": {"x":86,"y":148,"w":200,"h":300},
	"sourceSize": {"w":200,"h":300}
},
"Limbs0025":
{
	"frame": {"x":297,"y":54,"w":26,"h":28},
	"rotated": false,
	"trimmed": true,
	"spriteSourceSize": {"x":97,"y":144,"w":200,"h":300},
	"sourceSize": {"w":200,"h":300}
},
"Limbs0026":
{
	"frame": {"x":457,"y":4,"w":22,"h":35},
	"rotated": false,
	"trimmed": true,
	"spriteSourceSize": {"x":97,"y":149,"w":200,"h":300},
	"sourceSize": {"w":200,"h":300}
},
"Limbs0027":
{
	"frame": {"x":327,"y":54,"w":26,"h":35},
	"rotated": false,
	"trimmed": true,
	"spriteSourceSize": {"x":93,"y":149,"w":200,"h":300},
	"sourceSize": {"w":200,"h":300}
},
"Limbs0028":
{
	"frame": {"x":357,"y":54,"w":30,"h":35},
	"rotated": false,
	"trimmed": true,
	"spriteSourceSize": {"x":89,"y":149,"w":200,"h":300},
	"sourceSize": {"w":200,"h":300}
},
"Limbs0029":
{
	"frame": {"x":391,"y":54,"w":31,"h":44},
	"rotated": false,
	"trimmed": true,
	"spriteSourceSize": {"x":81,"y":148,"w":200,"h":300},
	"sourceSize": {"w":200,"h":300}
},
"Limbs0030":
{
	"frame": {"x":426,"y":54,"w":34,"h":44},
	"rotated": false,
	"trimmed": true,
	"spriteSourceSize": {"x":76,"y":148,"w":200,"h":300},
	"sourceSize": {"w":200,"h":300}
},
"Limbs0031":
{
	"frame": {"x":464,"y":54,"w":44,"h":36},
	"rotated": false,
	"trimmed": true,
	"spriteSourceSize": {"x":65,"y":148,"w":200,"h":300},
	"sourceSize": {"w":200,"h":300}
},
"Limbs0032":
{
	"frame": {"x":4,"y":102,"w":41,"h":31},
	"rotated": false,
	"trimmed": true,
	"spriteSourceSize": {"x":66,"y":148,"w":200,"h":300},
	"sourceSize": {"w":200,"h":300}
},
"Limbs0033":
{
	"frame": {"x":49,"y":102,"w":38,"h":28},
	"rotated": false,
	"trimmed": true,
	"spriteSourceSize": {"x":69,"y":148,"w":200,"h":300},
	"sourceSize": {"w":200,"h":300}
},
"Limbs0034":
{
	"frame": {"x":91,"y":102,"w":35,"h":32},
	"rotated": false,
	"trimmed": true,
	"spriteSourceSize": {"x":75,"y":148,"w":200,"h":300},
	"sourceSize": {"w":200,"h":300}
},
"Limbs0035":
{
	"frame": {"x":130,"y":102,"w":29,"h":32},
	"rotated": false,
	"trimmed": true,
	"spriteSourceSize": {"x":88,"y":148,"w":200,"h":300},
	"sourceSize": {"w":200,"h":300}
},
"Limbs0036":
{
	"frame": {"x":163,"y":102,"w":24,"h":35},
	"rotated": false,
	"trimmed": true,
	"spriteSourceSize": {"x":97,"y":144,"w":200,"h":300},
	"sourceSize": {"w":200,"h":300}
},
"Limbs0037":
{
	"frame": {"x":191,"y":102,"w":33,"h":40},
	"rotated": false,
	"trimmed": true,
	"spriteSourceSize": {"x":97,"y":140,"w":200,"h":300},
	"sourceSize": {"w":200,"h":300}
},
"Limbs0038":
{
	"frame": {"x":228,"y":102,"w":35,"h":45},
	"rotated": false,
	"trimmed": true,
	"spriteSourceSize": {"x":97,"y":139,"w":200,"h":300},
	"sourceSize": {"w":200,"h":300}
},
"Limbs0039":
{
	"frame": {"x":267,"y":102,"w":32,"h":44},
	"rotated": false,
	"trimmed": true,
	"spriteSourceSize": {"x":97,"y":141,"w":200,"h":300},
	"sourceSize": {"w":200,"h":300}
},
"Limbs0040":
{
	"frame": {"x":303,"y":102,"w":200,"h":300},
	"rotated": false,
	"trimmed": false,
	"spriteSourceSize": {"x":0,"y":0,"w":200,"h":300},
	"sourceSize": {"w":200,"h":300}
}},
"meta": {
	"app": "Adobe Animate",
	"version": "24.0.0.305",
	"image": "Limbs.png",
	"format": "RGBA8888",
	"size": {"w":512,"h":512},
	"scale": "1"
}
}
