﻿{"frames": {

"shp0000":
{
	"frame": {"x":4,"y":4,"w":311,"h":323},
	"rotated": false,
	"trimmed": true,
	"spriteSourceSize": {"x":69,"y":19,"w":500,"h":400},
	"sourceSize": {"w":500,"h":400}
},
"shp0001":
{
	"frame": {"x":319,"y":4,"w":195,"h":65},
	"rotated": false,
	"trimmed": true,
	"spriteSourceSize": {"x":131,"y":139,"w":500,"h":400},
	"sourceSize": {"w":500,"h":400}
},
"shp0002":
{
	"frame": {"x":518,"y":4,"w":160,"h":86},
	"rotated": false,
	"trimmed": true,
	"spriteSourceSize": {"x":151,"y":240,"w":500,"h":400},
	"sourceSize": {"w":500,"h":400}
},
"shp0003":
{
	"frame": {"x":682,"y":4,"w":71,"h":29},
	"rotated": false,
	"trimmed": true,
	"spriteSourceSize": {"x":198,"y":99,"w":500,"h":400},
	"sourceSize": {"w":500,"h":400}
},
"shp0004":
{
	"frame": {"x":757,"y":4,"w":90,"h":14},
	"rotated": false,
	"trimmed": true,
	"spriteSourceSize": {"x":188,"y":118,"w":500,"h":400},
	"sourceSize": {"w":500,"h":400}
},
"shp0005":
{
	"frame": {"x":851,"y":4,"w":87,"h":43},
	"rotated": false,
	"trimmed": true,
	"spriteSourceSize": {"x":191,"y":87,"w":500,"h":400},
	"sourceSize": {"w":500,"h":400}
},
"shp0006":
{
	"frame": {"x":942,"y":4,"w":140,"h":67},
	"rotated": false,
	"trimmed": true,
	"spriteSourceSize": {"x":154,"y":320,"w":500,"h":400},
	"sourceSize": {"w":500,"h":400}
},
"shp0007":
{
	"frame": {"x":1086,"y":4,"w":140,"h":67},
	"rotated": false,
	"trimmed": true,
	"spriteSourceSize": {"x":155,"y":320,"w":500,"h":400},
	"sourceSize": {"w":500,"h":400}
},
"shp0008":
{
	"frame": {"x":1230,"y":4,"w":144,"h":63},
	"rotated": false,
	"trimmed": true,
	"spriteSourceSize": {"x":159,"y":324,"w":500,"h":400},
	"sourceSize": {"w":500,"h":400}
},
"shp0009":
{
	"frame": {"x":1378,"y":4,"w":76,"h":82},
	"rotated": false,
	"trimmed": true,
	"spriteSourceSize": {"x":187,"y":165,"w":500,"h":400},
	"sourceSize": {"w":500,"h":400}
},
"shp0010":
{
	"frame": {"x":1458,"y":4,"w":63,"h":82},
	"rotated": false,
	"trimmed": true,
	"spriteSourceSize": {"x":195,"y":165,"w":500,"h":400},
	"sourceSize": {"w":500,"h":400}
},
"shp0011":
{
	"frame": {"x":1525,"y":4,"w":66,"h":82},
	"rotated": false,
	"trimmed": true,
	"spriteSourceSize": {"x":195,"y":165,"w":500,"h":400},
	"sourceSize": {"w":500,"h":400}
},
"shp0012":
{
	"frame": {"x":1595,"y":4,"w":69,"h":82},
	"rotated": false,
	"trimmed": true,
	"spriteSourceSize": {"x":195,"y":165,"w":500,"h":400},
	"sourceSize": {"w":500,"h":400}
},
"shp0013":
{
	"frame": {"x":1668,"y":4,"w":79,"h":84},
	"rotated": false,
	"trimmed": true,
	"spriteSourceSize": {"x":192,"y":164,"w":500,"h":400},
	"sourceSize": {"w":500,"h":400}
},
"shp0014":
{
	"frame": {"x":1751,"y":4,"w":74,"h":82},
	"rotated": false,
	"trimmed": true,
	"spriteSourceSize": {"x":195,"y":165,"w":500,"h":400},
	"sourceSize": {"w":500,"h":400}
},
"shp0015":
{
	"frame": {"x":1829,"y":4,"w":79,"h":82},
	"rotated": false,
	"trimmed": true,
	"spriteSourceSize": {"x":195,"y":165,"w":500,"h":400},
	"sourceSize": {"w":500,"h":400}
},
"shp0016":
{
	"frame": {"x":1912,"y":4,"w":19,"h":82},
	"rotated": false,
	"trimmed": true,
	"spriteSourceSize": {"x":195,"y":165,"w":500,"h":400},
	"sourceSize": {"w":500,"h":400}
},
"shp0017":
{
	"frame": {"x":1935,"y":4,"w":65,"h":82},
	"rotated": false,
	"trimmed": true,
	"spriteSourceSize": {"x":190,"y":165,"w":500,"h":400},
	"sourceSize": {"w":500,"h":400}
},
"shp0018":
{
	"frame": {"x":4,"y":331,"w":52,"h":42},
	"rotated": false,
	"trimmed": true,
	"spriteSourceSize": {"x":88,"y":287,"w":500,"h":400},
	"sourceSize": {"w":500,"h":400}
},
"shp0019":
{
	"frame": {"x":60,"y":331,"w":49,"h":101},
	"rotated": false,
	"trimmed": true,
	"spriteSourceSize": {"x":95,"y":196,"w":500,"h":400},
	"sourceSize": {"w":500,"h":400}
},
"shp0020":
{
	"frame": {"x":113,"y":331,"w":105,"h":55},
	"rotated": false,
	"trimmed": true,
	"spriteSourceSize": {"x":34,"y":243,"w":500,"h":400},
	"sourceSize": {"w":500,"h":400}
},
"shp0021":
{
	"frame": {"x":222,"y":331,"w":32,"h":67},
	"rotated": false,
	"trimmed": true,
	"spriteSourceSize": {"x":311,"y":294,"w":500,"h":400},
	"sourceSize": {"w":500,"h":400}
},
"shp0022":
{
	"frame": {"x":258,"y":331,"w":33,"h":50},
	"rotated": false,
	"trimmed": true,
	"spriteSourceSize": {"x":312,"y":287,"w":500,"h":400},
	"sourceSize": {"w":500,"h":400}
},
"shp0023":
{
	"frame": {"x":295,"y":331,"w":232,"h":231},
	"rotated": false,
	"trimmed": true,
	"spriteSourceSize": {"x":248,"y":10,"w":500,"h":400},
	"sourceSize": {"w":500,"h":400}
},
"shp0024":
{
	"frame": {"x":531,"y":331,"w":102,"h":32},
	"rotated": false,
	"trimmed": true,
	"spriteSourceSize": {"x":183,"y":74,"w":500,"h":400},
	"sourceSize": {"w":500,"h":400}
},
"shp0025":
{
	"frame": {"x":637,"y":331,"w":311,"h":323},
	"rotated": false,
	"trimmed": true,
	"spriteSourceSize": {"x":69,"y":19,"w":500,"h":400},
	"sourceSize": {"w":500,"h":400}
},
"shp0026":
{
	"frame": {"x":952,"y":331,"w":88,"h":61},
	"rotated": false,
	"trimmed": true,
	"spriteSourceSize": {"x":11,"y":181,"w":500,"h":400},
	"sourceSize": {"w":500,"h":400}
},
"shp0027":
{
	"frame": {"x":1044,"y":331,"w":177,"h":177},
	"rotated": false,
	"trimmed": true,
	"spriteSourceSize": {"x":136,"y":99,"w":500,"h":400},
	"sourceSize": {"w":500,"h":400}
},
"shp0028":
{
	"frame": {"x":1225,"y":331,"w":234,"h":172},
	"rotated": false,
	"trimmed": true,
	"spriteSourceSize": {"x":114,"y":90,"w":500,"h":400},
	"sourceSize": {"w":500,"h":400}
},
"shp0029":
{
	"frame": {"x":1463,"y":331,"w":500,"h":400},
	"rotated": false,
	"trimmed": false,
	"spriteSourceSize": {"x":0,"y":0,"w":500,"h":400},
	"sourceSize": {"w":500,"h":400}
}},
"meta": {
	"app": "Adobe Animate",
	"version": "24.0.1.329",
	"image": "shp.png",
	"format": "RGBA8888",
	"size": {"w":2048,"h":1024},
	"scale": "1"
}
}
