﻿{"frames": {

"Limbs0000":
{
	"frame": {"x":4,"y":4,"w":20,"h":39},
	"rotated": false,
	"trimmed": true,
	"spriteSourceSize": {"x":88,"y":148,"w":200,"h":300},
	"sourceSize": {"w":200,"h":300}
},
"Limbs0001":
{
	"frame": {"x":28,"y":4,"w":26,"h":40},
	"rotated": false,
	"trimmed": true,
	"spriteSourceSize": {"x":76,"y":147,"w":200,"h":300},
	"sourceSize": {"w":200,"h":300}
},
"Limbs0002":
{
	"frame": {"x":58,"y":4,"w":14,"h":38},
	"rotated": false,
	"trimmed": true,
	"spriteSourceSize": {"x":88,"y":148,"w":200,"h":300},
	"sourceSize": {"w":200,"h":300}
},
"Limbs0003":
{
	"frame": {"x":76,"y":4,"w":20,"h":39},
	"rotated": false,
	"trimmed": true,
	"spriteSourceSize": {"x":88,"y":148,"w":200,"h":300},
	"sourceSize": {"w":200,"h":300}
},
"Limbs0004":
{
	"frame": {"x":100,"y":4,"w":31,"h":38},
	"rotated": false,
	"trimmed": true,
	"spriteSourceSize": {"x":77,"y":149,"w":200,"h":300},
	"sourceSize": {"w":200,"h":300}
},
"Limbs0005":
{
	"frame": {"x":135,"y":4,"w":30,"h":38},
	"rotated": false,
	"trimmed": true,
	"spriteSourceSize": {"x":84,"y":149,"w":200,"h":300},
	"sourceSize": {"w":200,"h":300}
},
"Limbs0006":
{
	"frame": {"x":169,"y":4,"w":27,"h":38},
	"rotated": false,
	"trimmed": true,
	"spriteSourceSize": {"x":93,"y":149,"w":200,"h":300},
	"sourceSize": {"w":200,"h":300}
},
"Limbs0007":
{
	"frame": {"x":200,"y":4,"w":28,"h":38},
	"rotated": false,
	"trimmed": true,
	"spriteSourceSize": {"x":86,"y":149,"w":200,"h":300},
	"sourceSize": {"w":200,"h":300}
},
"Limbs0008":
{
	"frame": {"x":232,"y":4,"w":15,"h":38},
	"rotated": false,
	"trimmed": true,
	"spriteSourceSize": {"x":93,"y":149,"w":200,"h":300},
	"sourceSize": {"w":200,"h":300}
},
"Limbs0009":
{
	"frame": {"x":251,"y":4,"w":15,"h":43},
	"rotated": false,
	"trimmed": true,
	"spriteSourceSize": {"x":93,"y":149,"w":200,"h":300},
	"sourceSize": {"w":200,"h":300}
},
"Limbs0010":
{
	"frame": {"x":270,"y":4,"w":23,"h":36},
	"rotated": false,
	"trimmed": true,
	"spriteSourceSize": {"x":96,"y":148,"w":200,"h":300},
	"sourceSize": {"w":200,"h":300}
},
"Limbs0011":
{
	"frame": {"x":297,"y":4,"w":20,"h":44},
	"rotated": false,
	"trimmed": true,
	"spriteSourceSize": {"x":96,"y":148,"w":200,"h":300},
	"sourceSize": {"w":200,"h":300}
},
"Limbs0012":
{
	"frame": {"x":321,"y":4,"w":21,"h":35},
	"rotated": false,
	"trimmed": true,
	"spriteSourceSize": {"x":98,"y":148,"w":200,"h":300},
	"sourceSize": {"w":200,"h":300}
},
"Limbs0013":
{
	"frame": {"x":346,"y":4,"w":23,"h":36},
	"rotated": false,
	"trimmed": true,
	"spriteSourceSize": {"x":96,"y":148,"w":200,"h":300},
	"sourceSize": {"w":200,"h":300}
},
"Limbs0014":
{
	"frame": {"x":373,"y":4,"w":22,"h":36},
	"rotated": false,
	"trimmed": true,
	"spriteSourceSize": {"x":97,"y":148,"w":200,"h":300},
	"sourceSize": {"w":200,"h":300}
},
"Limbs0015":
{
	"frame": {"x":399,"y":4,"w":22,"h":44},
	"rotated": false,
	"trimmed": true,
	"spriteSourceSize": {"x":97,"y":148,"w":200,"h":300},
	"sourceSize": {"w":200,"h":300}
},
"Limbs0016":
{
	"frame": {"x":425,"y":4,"w":16,"h":35},
	"rotated": false,
	"trimmed": true,
	"spriteSourceSize": {"x":97,"y":148,"w":200,"h":300},
	"sourceSize": {"w":200,"h":300}
},
"Limbs0017":
{
	"frame": {"x":445,"y":4,"w":23,"h":36},
	"rotated": false,
	"trimmed": true,
	"spriteSourceSize": {"x":97,"y":148,"w":200,"h":300},
	"sourceSize": {"w":200,"h":300}
},
"Limbs0018":
{
	"frame": {"x":4,"y":52,"w":39,"h":26},
	"rotated": false,
	"trimmed": true,
	"spriteSourceSize": {"x":97,"y":144,"w":200,"h":300},
	"sourceSize": {"w":200,"h":300}
},
"Limbs0019":
{
	"frame": {"x":47,"y":52,"w":38,"h":26},
	"rotated": false,
	"trimmed": true,
	"spriteSourceSize": {"x":97,"y":148,"w":200,"h":300},
	"sourceSize": {"w":200,"h":300}
},
"Limbs0020":
{
	"frame": {"x":89,"y":52,"w":21,"h":36},
	"rotated": false,
	"trimmed": true,
	"spriteSourceSize": {"x":97,"y":148,"w":200,"h":300},
	"sourceSize": {"w":200,"h":300}
},
"Limbs0021":
{
	"frame": {"x":114,"y":52,"w":22,"h":35},
	"rotated": false,
	"trimmed": true,
	"spriteSourceSize": {"x":81,"y":148,"w":200,"h":300},
	"sourceSize": {"w":200,"h":300}
},
"Limbs0022":
{
	"frame": {"x":140,"y":52,"w":29,"h":30},
	"rotated": false,
	"trimmed": true,
	"spriteSourceSize": {"x":73,"y":148,"w":200,"h":300},
	"sourceSize": {"w":200,"h":300}
},
"Limbs0023":
{
	"frame": {"x":173,"y":52,"w":26,"h":27},
	"rotated": false,
	"trimmed": true,
	"spriteSourceSize": {"x":76,"y":148,"w":200,"h":300},
	"sourceSize": {"w":200,"h":300}
},
"Limbs0024":
{
	"frame": {"x":203,"y":52,"w":15,"h":28},
	"rotated": false,
	"trimmed": true,
	"spriteSourceSize": {"x":89,"y":148,"w":200,"h":300},
	"sourceSize": {"w":200,"h":300}
},
"Limbs0025":
{
	"frame": {"x":222,"y":52,"w":23,"h":23},
	"rotated": false,
	"trimmed": true,
	"spriteSourceSize": {"x":98,"y":148,"w":200,"h":300},
	"sourceSize": {"w":200,"h":300}
},
"Limbs0026":
{
	"frame": {"x":89,"y":52,"w":21,"h":36},
	"rotated": false,
	"trimmed": true,
	"spriteSourceSize": {"x":97,"y":148,"w":200,"h":300},
	"sourceSize": {"w":200,"h":300}
},
"Limbs0027":
{
	"frame": {"x":249,"y":52,"w":20,"h":37},
	"rotated": false,
	"trimmed": true,
	"spriteSourceSize": {"x":95,"y":148,"w":200,"h":300},
	"sourceSize": {"w":200,"h":300}
},
"Limbs0028":
{
	"frame": {"x":273,"y":52,"w":21,"h":36},
	"rotated": false,
	"trimmed": true,
	"spriteSourceSize": {"x":92,"y":148,"w":200,"h":300},
	"sourceSize": {"w":200,"h":300}
},
"Limbs0029":
{
	"frame": {"x":298,"y":52,"w":21,"h":41},
	"rotated": false,
	"trimmed": true,
	"spriteSourceSize": {"x":85,"y":148,"w":200,"h":300},
	"sourceSize": {"w":200,"h":300}
},
"Limbs0030":
{
	"frame": {"x":323,"y":52,"w":22,"h":41},
	"rotated": false,
	"trimmed": true,
	"spriteSourceSize": {"x":80,"y":148,"w":200,"h":300},
	"sourceSize": {"w":200,"h":300}
},
"Limbs0031":
{
	"frame": {"x":349,"y":52,"w":29,"h":37},
	"rotated": false,
	"trimmed": true,
	"spriteSourceSize": {"x":73,"y":148,"w":200,"h":300},
	"sourceSize": {"w":200,"h":300}
},
"Limbs0032":
{
	"frame": {"x":382,"y":52,"w":29,"h":32},
	"rotated": false,
	"trimmed": true,
	"spriteSourceSize": {"x":73,"y":148,"w":200,"h":300},
	"sourceSize": {"w":200,"h":300}
},
"Limbs0033":
{
	"frame": {"x":415,"y":52,"w":27,"h":30},
	"rotated": false,
	"trimmed": true,
	"spriteSourceSize": {"x":75,"y":148,"w":200,"h":300},
	"sourceSize": {"w":200,"h":300}
},
"Limbs0034":
{
	"frame": {"x":446,"y":52,"w":20,"h":33},
	"rotated": false,
	"trimmed": true,
	"spriteSourceSize": {"x":82,"y":148,"w":200,"h":300},
	"sourceSize": {"w":200,"h":300}
},
"Limbs0035":
{
	"frame": {"x":470,"y":52,"w":22,"h":31},
	"rotated": false,
	"trimmed": true,
	"spriteSourceSize": {"x":89,"y":148,"w":200,"h":300},
	"sourceSize": {"w":200,"h":300}
},
"Limbs0036":
{
	"frame": {"x":4,"y":97,"w":22,"h":30},
	"rotated": false,
	"trimmed": true,
	"spriteSourceSize": {"x":98,"y":148,"w":200,"h":300},
	"sourceSize": {"w":200,"h":300}
},
"Limbs0037":
{
	"frame": {"x":30,"y":97,"w":23,"h":28},
	"rotated": false,
	"trimmed": true,
	"spriteSourceSize": {"x":97,"y":148,"w":200,"h":300},
	"sourceSize": {"w":200,"h":300}
},
"Limbs0038":
{
	"frame": {"x":57,"y":97,"w":31,"h":34},
	"rotated": false,
	"trimmed": true,
	"spriteSourceSize": {"x":97,"y":148,"w":200,"h":300},
	"sourceSize": {"w":200,"h":300}
},
"Limbs0039":
{
	"frame": {"x":92,"y":97,"w":29,"h":35},
	"rotated": false,
	"trimmed": true,
	"spriteSourceSize": {"x":97,"y":148,"w":200,"h":300},
	"sourceSize": {"w":200,"h":300}
},
"Limbs0040":
{
	"frame": {"x":125,"y":97,"w":200,"h":300},
	"rotated": false,
	"trimmed": false,
	"spriteSourceSize": {"x":0,"y":0,"w":200,"h":300},
	"sourceSize": {"w":200,"h":300}
}},
"meta": {
	"app": "Adobe Animate",
	"version": "24.0.0.305",
	"image": "Limbs.png",
	"format": "RGBA8888",
	"size": {"w":512,"h":512},
	"scale": "1"
}
}
