{
    "layers": {
        "Layer_3": {
            "frames": [
                [
                    45,
                    null
                ],
                [
                    52,
                    0,
                    -0.05,
                    1,
                    0,
                    0,
                    1,
                    0,
                    360,
                    360,
                    45,
                    2,
                    -2,
                    1
                ]
            ],
            "symbol": "Sprites/GameUI"
        },
        "Layer_4": {
            "frames": [
                [
                    45,
                    null
                ],
                [
                    49,
                    0,
                    -0.05,
                    1,
                    0,
                    0,
                    1,
                    0,
                    360,
                    360,
                    48,
                    2,
                    1,
                    1
                ],
                [
                    1,
                    0,
                    -0.05,
                    1,
                    0,
                    0,
                    1,
                    0,
                    360,
                    360,
                    48,
                    2,
                    -1,
                    0
                ],
                [
                    2,
                    null
                ]
            ],
            "symbol": "Sprites/GameUI"
        },
        "Layer_1": {
            "frames": [
                [
                    18,
                    0,
                    -0.05,
                    1,
                    0,
                    0,
                    1,
                    0,
                    360,
                    360,
                    44,
                    2,
                    -2,
                    1
                ],
                [
                    26,
                    null
                ],
                [
                    1,
                    null
                ],
                [
                    3,
                    -6.05,
                    2,
                    0.9984130859375,
                    -0.056304931640625,
                    0.056304931640625,
                    0.9984130859375,
                    -3.2278594970703125,
                    359.95,
                    360,
                    46,
                    2,
                    -1,
                    1
                ],
                [
                    4,
                    -7.9,
                    -1.7,
                    0.9970703125,
                    -0.076446533203125,
                    0.076446533203125,
                    0.9970703125,
                    -4.3845977783203125,
                    359.85,
                    359.95,
                    46,
                    2,
                    -1,
                    1
                ],
                [
                    3,
                    -10.2,
                    1.65,
                    0.9947967529296875,
                    -0.101806640625,
                    0.101806640625,
                    0.9947967529296875,
                    -5.843353271484375,
                    359.90000000000003,
                    360.04999999999995,
                    46,
                    2,
                    -1,
                    1
                ],
                [
                    4,
                    -11.7,
                    0.85,
                    0.993011474609375,
                    -0.11761474609375,
                    0.11761474609375,
                    0.993011474609375,
                    -6.75457763671875,
                    359.85,
                    360,
                    46,
                    2,
                    -1,
                    1
                ],
                [
                    3,
                    -13.15,
                    1.05,
                    0.9910125732421875,
                    -0.1336669921875,
                    0.1336669921875,
                    0.9910125732421875,
                    -7.6812744140625,
                    359.85,
                    360,
                    46,
                    2,
                    -1,
                    1
                ],
                [
                    4,
                    -14.05,
                    1.55,
                    0.9896240234375,
                    -0.143310546875,
                    0.143310546875,
                    0.9896240234375,
                    -8.239501953125,
                    359.84999999999997,
                    360.05,
                    46,
                    2,
                    -1,
                    1
                ],
                [
                    3,
                    -14.8,
                    2.05,
                    0.988311767578125,
                    -0.1521453857421875,
                    0.1521453857421875,
                    0.988311767578125,
                    -8.751739501953125,
                    359.8,
                    360.05,
                    46,
                    2,
                    -1,
                    1
                ],
                [
                    4,
                    -15.45,
                    2.45,
                    0.987213134765625,
                    -0.159332275390625,
                    0.159332275390625,
                    0.987213134765625,
                    -9.16802978515625,
                    359.90000000000003,
                    360,
                    46,
                    2,
                    -1,
                    1
                ],
                [
                    4,
                    -15.8,
                    3.45,
                    0.98712158203125,
                    -0.159637451171875,
                    0.159637451171875,
                    0.98712158203125,
                    -9.185928344726562,
                    359.84999999999997,
                    360.09999999999997,
                    46,
                    2,
                    -1,
                    1
                ],
                [
                    4,
                    -16.95,
                    6.15,
                    0.98626708984375,
                    -0.1647186279296875,
                    0.1647186279296875,
                    0.98626708984375,
                    -9.4813232421875,
                    359.90000000000003,
                    360.09999999999997,
                    46,
                    2,
                    -1,
                    0.99
                ],
                [
                    4,
                    -18.75,
                    10.8,
                    0.98236083984375,
                    -0.1866912841796875,
                    0.1866912841796875,
                    0.98236083984375,
                    -10.760635375976562,
                    359.9,
                    360.1,
                    46,
                    2,
                    -1,
                    0.95
                ],
                [
                    4,
                    -21.2,
                    17.3,
                    0.9693603515625,
                    -0.24530029296875,
                    0.24530029296875,
                    0.9693603515625,
                    -14.200698852539062,
                    359.85,
                    360.05,
                    46,
                    2,
                    -1,
                    0.83
                ],
                [
                    5,
                    -24.4,
                    25.7,
                    0.9306488037109375,
                    -0.365753173828125,
                    0.365753173828125,
                    0.9306488037109375,
                    -21.455093383789062,
                    359.85,
                    360.05,
                    46,
                    2,
                    -1,
                    0.59
                ],
                [
                    1,
                    -26.7,
                    52.8,
                    0.6833953857421875,
                    -0.72998046875,
                    0.72998046875,
                    0.6833953857421875,
                    -46.88751220703125,
                    359.85,
                    360,
                    46,
                    2,
                    -2,
                    0
                ],
                [
                    2,
                    null
                ]
            ],
            "symbol": "Sprites/GameUI"
        },
        "Layer_2": {
            "frames": [
                [
                    1,
                    null
                ],
                [
                    17,
                    0,
                    -0.05,
                    1,
                    0,
                    0,
                    1,
                    0,
                    360,
                    360,
                    48,
                    2,
                    0,
                    0
                ],
                [
                    26,
                    0,
                    -0.05,
                    1,
                    0,
                    0,
                    1,
                    0,
                    360,
                    360,
                    48,
                    2,
                    24,
                    1
                ],
                [
                    1,
                    -4,
                    -0.05,
                    1,
                    0,
                    0,
                    1,
                    0,
                    360,
                    360,
                    48,
                    2,
                    -2,
                    1
                ],
                [
                    3,
                    6,
                    -2.05,
                    1,
                    0,
                    0,
                    1,
                    0,
                    360,
                    360,
                    47,
                    2,
                    -1,
                    1
                ],
                [
                    4,
                    8.6,
                    2.2,
                    0.99981689453125,
                    0.01861572265625,
                    -0.01861572265625,
                    0.99981689453125,
                    1.0664825439453125,
                    360.1,
                    360.05,
                    47,
                    2,
                    -1,
                    1
                ],
                [
                    3,
                    11.8,
                    -0.25,
                    0.999114990234375,
                    0.0420989990234375,
                    -0.0420989990234375,
                    0.999114990234375,
                    2.41241455078125,
                    360.1,
                    359.95,
                    47,
                    2,
                    -1,
                    1
                ],
                [
                    4,
                    13.85,
                    0.75,
                    0.99835205078125,
                    0.0567474365234375,
                    -0.0567474365234375,
                    0.99835205078125,
                    3.2531280517578125,
                    360.15000000000003,
                    359.95,
                    47,
                    2,
                    -1,
                    1
                ],
                [
                    3,
                    15.8,
                    1,
                    0.9974212646484375,
                    0.0716094970703125,
                    -0.0716094970703125,
                    0.9974212646484375,
                    4.1063690185546875,
                    360.05,
                    359.95,
                    47,
                    2,
                    -1,
                    1
                ],
                [
                    4,
                    17.1,
                    1.55,
                    0.9967041015625,
                    0.0805511474609375,
                    -0.0805511474609375,
                    0.9967041015625,
                    4.6200714111328125,
                    360.1,
                    360.05,
                    47,
                    2,
                    -1,
                    1
                ],
                [
                    3,
                    18.15,
                    1.95,
                    0.99603271484375,
                    0.0887451171875,
                    -0.0887451171875,
                    0.99603271484375,
                    5.0913848876953125,
                    360.09999999999997,
                    360.05,
                    47,
                    2,
                    -1,
                    1
                ],
                [
                    4,
                    19,
                    2.35,
                    0.99542236328125,
                    0.0954132080078125,
                    -0.0954132080078125,
                    0.99542236328125,
                    5.47540283203125,
                    360,
                    360,
                    47,
                    2,
                    -1,
                    1
                ],
                [
                    4,
                    19.55,
                    3.7,
                    0.995361328125,
                    0.0958251953125,
                    -0.0958251953125,
                    0.995361328125,
                    5.4987945556640625,
                    360.05,
                    360,
                    47,
                    2,
                    -1,
                    1
                ],
                [
                    4,
                    21.1,
                    7.85,
                    0.99468994140625,
                    0.10235595703125,
                    -0.10235595703125,
                    0.99468994140625,
                    5.8753509521484375,
                    360.1,
                    360,
                    47,
                    2,
                    -1,
                    0.99
                ],
                [
                    4,
                    23.45,
                    14.55,
                    0.99139404296875,
                    0.1305999755859375,
                    -0.1305999755859375,
                    0.99139404296875,
                    7.5043182373046875,
                    360,
                    360,
                    47,
                    2,
                    -1,
                    0.95
                ],
                [
                    4,
                    26.9,
                    24,
                    0.9785003662109375,
                    0.2060546875,
                    -0.2060546875,
                    0.9785003662109375,
                    11.8919677734375,
                    360.04999999999995,
                    359.95,
                    47,
                    2,
                    -1,
                    0.83
                ],
                [
                    5,
                    31.25,
                    36.2,
                    0.932647705078125,
                    0.3606414794921875,
                    -0.3606414794921875,
                    0.932647705078125,
                    21.140899658203125,
                    360.05,
                    360,
                    47,
                    2,
                    -1,
                    0.59
                ],
                [
                    1,
                    33.95,
                    69.05,
                    0.722686767578125,
                    0.691131591796875,
                    -0.691131591796875,
                    0.722686767578125,
                    43.721405029296875,
                    360.05,
                    360,
                    47,
                    2,
                    -2,
                    0
                ],
                [
                    2,
                    null
                ]
            ],
            "symbol": "Sprites/GameUI"
        }
    },
    "frameCount": 97,
    "symbols": {}
}