﻿{"frames": {

"CakeSlicePlane0000":
{
	"frame": {"x":32,"y":32,"w":90,"h":90},
	"rotated": false,
	"trimmed": false,
	"spriteSourceSize": {"x":0,"y":0,"w":90,"h":90},
	"sourceSize": {"w":90,"h":90}
},
"CakeSlicePlane0001":
{
	"frame": {"x":137,"y":32,"w":90,"h":90},
	"rotated": false,
	"trimmed": false,
	"spriteSourceSize": {"x":0,"y":0,"w":90,"h":90},
	"sourceSize": {"w":90,"h":90}
},
"CakeSlicePlane0002":
{
	"frame": {"x":242,"y":32,"w":90,"h":90},
	"rotated": false,
	"trimmed": false,
	"spriteSourceSize": {"x":0,"y":0,"w":90,"h":90},
	"sourceSize": {"w":90,"h":90}
},
"CakeSlicePlane0003":
{
	"frame": {"x":32,"y":32,"w":90,"h":90},
	"rotated": false,
	"trimmed": false,
	"spriteSourceSize": {"x":0,"y":0,"w":90,"h":90},
	"sourceSize": {"w":90,"h":90}
},
"CakeSlicePlane0004":
{
	"frame": {"x":347,"y":32,"w":90,"h":90},
	"rotated": false,
	"trimmed": false,
	"spriteSourceSize": {"x":0,"y":0,"w":90,"h":90},
	"sourceSize": {"w":90,"h":90}
},
"CakeSlicePlane0005":
{
	"frame": {"x":32,"y":137,"w":90,"h":90},
	"rotated": false,
	"trimmed": false,
	"spriteSourceSize": {"x":0,"y":0,"w":90,"h":90},
	"sourceSize": {"w":90,"h":90}
},
"CakeSlicePlane0006":
{
	"frame": {"x":32,"y":32,"w":90,"h":90},
	"rotated": false,
	"trimmed": false,
	"spriteSourceSize": {"x":0,"y":0,"w":90,"h":90},
	"sourceSize": {"w":90,"h":90}
},
"CakeSlicePlane0007":
{
	"frame": {"x":137,"y":137,"w":90,"h":90},
	"rotated": false,
	"trimmed": false,
	"spriteSourceSize": {"x":0,"y":0,"w":90,"h":90},
	"sourceSize": {"w":90,"h":90}
},
"CakeSlicePlane0008":
{
	"frame": {"x":242,"y":137,"w":90,"h":90},
	"rotated": false,
	"trimmed": false,
	"spriteSourceSize": {"x":0,"y":0,"w":90,"h":90},
	"sourceSize": {"w":90,"h":90}
}},
"meta": {
	"app": "Adobe Animate",
	"version": "24.0.0.305",
	"image": "CakeSlicePlane.png",
	"format": "RGBA8888",
	"size": {"w":500,"h":500},
	"scale": "1"
}
}
