﻿{
	"frames": {
		"EyesCostume210000": {
			"frame": {
				"x": 4,
				"y": 4,
				"w": 36,
				"h": 50
			},
			"rotated": false,
			"trimmed": true,
			"spriteSourceSize": {
				"x": 64,
				"y": 54,
				"w": 180,
				"h": 180
			},
			"sourceSize": {
				"w": 180,
				"h": 180
			}
		},
		"EyesCostume210001": {
			"frame": {
				"x": 44,
				"y": 4,
				"w": 27,
				"h": 48
			},
			"rotated": false,
			"trimmed": true,
			"spriteSourceSize": {
				"x": 74,
				"y": 56,
				"w": 180,
				"h": 180
			},
			"sourceSize": {
				"w": 180,
				"h": 180
			}
		},
		"EyesCostume210002": {
			"frame": {
				"x": 75,
				"y": 4,
				"w": 27,
				"h": 45
			},
			"rotated": false,
			"trimmed": true,
			"spriteSourceSize": {
				"x": 77,
				"y": 59,
				"w": 180,
				"h": 180
			},
			"sourceSize": {
				"w": 180,
				"h": 180
			}
		},
		"EyesCostume210003": {
			"frame": {
				"x": 106,
				"y": 4,
				"w": 27,
				"h": 49
			},
			"rotated": false,
			"trimmed": true,
			"spriteSourceSize": {
				"x": 81,
				"y": 55,
				"w": 180,
				"h": 180
			},
			"sourceSize": {
				"w": 180,
				"h": 180
			}
		},
		"EyesCostume210004": {
			"frame": {
				"x": 137,
				"y": 4,
				"w": 31,
				"h": 46
			},
			"rotated": false,
			"trimmed": true,
			"spriteSourceSize": {
				"x": 71,
				"y": 60,
				"w": 180,
				"h": 180
			},
			"sourceSize": {
				"w": 180,
				"h": 180
			}
		},
		"EyesCostume210005": {
			"frame": {
				"x": 172,
				"y": 4,
				"w": 24,
				"h": 26
			},
			"rotated": false,
			"trimmed": true,
			"spriteSourceSize": {
				"x": 76,
				"y": 78,
				"w": 180,
				"h": 180
			},
			"sourceSize": {
				"w": 180,
				"h": 180
			}
		},
		"EyesCostume210006": {
			"frame": {
				"x": 200,
				"y": 4,
				"w": 22,
				"h": 29
			},
			"rotated": false,
			"trimmed": true,
			"spriteSourceSize": {
				"x": 80,
				"y": 75,
				"w": 180,
				"h": 180
			},
			"sourceSize": {
				"w": 180,
				"h": 180
			}
		},
		"EyesCostume210007": {
			"frame": {
				"x": 226,
				"y": 4,
				"w": 21,
				"h": 29
			},
			"rotated": false,
			"trimmed": true,
			"spriteSourceSize": {
				"x": 79,
				"y": 75,
				"w": 180,
				"h": 180
			},
			"sourceSize": {
				"w": 180,
				"h": 180
			}
		},
		"EyesCostume210008": {
			"frame": {
				"x": 251,
				"y": 4,
				"w": 22,
				"h": 29
			},
			"rotated": false,
			"trimmed": true,
			"spriteSourceSize": {
				"x": 80,
				"y": 75,
				"w": 180,
				"h": 180
			},
			"sourceSize": {
				"w": 180,
				"h": 180
			}
		},
		"EyesCostume210009": {
			"frame": {
				"x": 277,
				"y": 4,
				"w": 31,
				"h": 46
			},
			"rotated": false,
			"trimmed": true,
			"spriteSourceSize": {
				"x": 79,
				"y": 60,
				"w": 180,
				"h": 180
			},
			"sourceSize": {
				"w": 180,
				"h": 180
			}
		},
		"EyesCostume210010": {
			"frame": {
				"x": 312,
				"y": 4,
				"w": 21,
				"h": 29
			},
			"rotated": false,
			"trimmed": true,
			"spriteSourceSize": {
				"x": 81,
				"y": 75,
				"w": 180,
				"h": 180
			},
			"sourceSize": {
				"w": 180,
				"h": 180
			}
		},
		"EyesCostume210011": {
			"frame": {
				"x": 337,
				"y": 4,
				"w": 24,
				"h": 26
			},
			"rotated": false,
			"trimmed": true,
			"spriteSourceSize": {
				"x": 78,
				"y": 78,
				"w": 180,
				"h": 180
			},
			"sourceSize": {
				"w": 180,
				"h": 180
			}
		},
		"EyesCostume210012": {
			"frame": {
				"x": 365,
				"y": 4,
				"w": 15,
				"h": 27
			},
			"rotated": false,
			"trimmed": true,
			"spriteSourceSize": {
				"x": 83,
				"y": 77,
				"w": 180,
				"h": 180
			},
			"sourceSize": {
				"w": 180,
				"h": 180
			}
		},
		"EyesCostume210013": {
			"frame": {
				"x": 384,
				"y": 4,
				"w": 29,
				"h": 40
			},
			"rotated": false,
			"trimmed": true,
			"spriteSourceSize": {
				"x": 75,
				"y": 64,
				"w": 180,
				"h": 180
			},
			"sourceSize": {
				"w": 180,
				"h": 180
			}
		},
		"EyesCostume210014": {
			"frame": {
				"x": 417,
				"y": 4,
				"w": 29,
				"h": 40
			},
			"rotated": false,
			"trimmed": true,
			"spriteSourceSize": {
				"x": 77,
				"y": 64,
				"w": 180,
				"h": 180
			},
			"sourceSize": {
				"w": 180,
				"h": 180
			}
		},
		"EyesCostume210015": {
			"frame": {
				"x": 450,
				"y": 4,
				"w": 27,
				"h": 37
			},
			"rotated": false,
			"trimmed": true,
			"spriteSourceSize": {
				"x": 77,
				"y": 67,
				"w": 180,
				"h": 180
			},
			"sourceSize": {
				"w": 180,
				"h": 180
			}
		},
		"EyesCostume210016": {
			"frame": {
				"x": 481,
				"y": 4,
				"w": 23,
				"h": 25
			},
			"rotated": false,
			"trimmed": true,
			"spriteSourceSize": {
				"x": 80,
				"y": 79,
				"w": 180,
				"h": 180
			},
			"sourceSize": {
				"w": 180,
				"h": 180
			}
		},
		"EyesCostume210017": {
			"frame": {
				"x": 4,
				"y": 58,
				"w": 23,
				"h": 25
			},
			"rotated": false,
			"trimmed": true,
			"spriteSourceSize": {
				"x": 79,
				"y": 79,
				"w": 180,
				"h": 180
			},
			"sourceSize": {
				"w": 180,
				"h": 180
			}
		},
		"EyesCostume210018": {
			"frame": {
				"x": 31,
				"y": 58,
				"w": 23,
				"h": 25
			},
			"rotated": false,
			"trimmed": true,
			"spriteSourceSize": {
				"x": 78,
				"y": 79,
				"w": 180,
				"h": 180
			},
			"sourceSize": {
				"w": 180,
				"h": 180
			}
		},
		"EyesCostume210019": {
			"frame": {
				"x": 58,
				"y": 58,
				"w": 33,
				"h": 23
			},
			"rotated": false,
			"trimmed": true,
			"spriteSourceSize": {
				"x": 74,
				"y": 76,
				"w": 180,
				"h": 180
			},
			"sourceSize": {
				"w": 180,
				"h": 180
			}
		},
		"EyesCostume210020": {
			"frame": {
				"x": 95,
				"y": 58,
				"w": 33,
				"h": 23
			},
			"rotated": false,
			"trimmed": true,
			"spriteSourceSize": {
				"x": 74,
				"y": 76,
				"w": 180,
				"h": 180
			},
			"sourceSize": {
				"w": 180,
				"h": 180
			}
		},
		"EyesCostume210021": {
			"frame": {
				"x": 132,
				"y": 58,
				"w": 20,
				"h": 40
			},
			"rotated": false,
			"trimmed": true,
			"spriteSourceSize": {
				"x": 80,
				"y": 62,
				"w": 180,
				"h": 180
			},
			"sourceSize": {
				"w": 180,
				"h": 180
			}
		},
		"EyesCostume210022": {
			"frame": {
				"x": 156,
				"y": 58,
				"w": 20,
				"h": 39
			},
			"rotated": false,
			"trimmed": true,
			"spriteSourceSize": {
				"x": 80,
				"y": 73,
				"w": 180,
				"h": 180
			},
			"sourceSize": {
				"w": 180,
				"h": 180
			}
		},
		"EyesCostume210023": {
			"frame": {
				"x": 180,
				"y": 58,
				"w": 26,
				"h": 21
			},
			"rotated": false,
			"trimmed": true,
			"spriteSourceSize": {
				"x": 77,
				"y": 82,
				"w": 180,
				"h": 180
			},
			"sourceSize": {
				"w": 180,
				"h": 180
			}
		},
		"EyesCostume210024": {
			"frame": {
				"x": 210,
				"y": 58,
				"w": 23,
				"h": 25
			},
			"rotated": false,
			"trimmed": true,
			"spriteSourceSize": {
				"x": 80,
				"y": 77,
				"w": 180,
				"h": 180
			},
			"sourceSize": {
				"w": 180,
				"h": 180
			}
		},
		"EyesCostume210025": {
			"frame": {
				"x": 237,
				"y": 58,
				"w": 23,
				"h": 25
			},
			"rotated": false,
			"trimmed": true,
			"spriteSourceSize": {
				"x": 79,
				"y": 77,
				"w": 180,
				"h": 180
			},
			"sourceSize": {
				"w": 180,
				"h": 180
			}
		},
		"EyesCostume210026": {
			"frame": {
				"x": 264,
				"y": 58,
				"w": 23,
				"h": 25
			},
			"rotated": false,
			"trimmed": true,
			"spriteSourceSize": {
				"x": 78,
				"y": 77,
				"w": 180,
				"h": 180
			},
			"sourceSize": {
				"w": 180,
				"h": 180
			}
		},
		"EyesCostume210027": {
			"frame": {
				"x": 291,
				"y": 58,
				"w": 27,
				"h": 20
			},
			"rotated": false,
			"trimmed": true,
			"spriteSourceSize": {
				"x": 77,
				"y": 80,
				"w": 180,
				"h": 180
			},
			"sourceSize": {
				"w": 180,
				"h": 180
			}
		},
		"EyesCostume210028": {
			"frame": {
				"x": 322,
				"y": 58,
				"w": 27,
				"h": 20
			},
			"rotated": false,
			"trimmed": true,
			"spriteSourceSize": {
				"x": 76,
				"y": 80,
				"w": 180,
				"h": 180
			},
			"sourceSize": {
				"w": 180,
				"h": 180
			}
		},
		"EyesCostume210029": {
			"frame": {
				"x": 353,
				"y": 58,
				"w": 27,
				"h": 17
			},
			"rotated": false,
			"trimmed": true,
			"spriteSourceSize": {
				"x": 77,
				"y": 82,
				"w": 180,
				"h": 180
			},
			"sourceSize": {
				"w": 180,
				"h": 180
			}
		},
		"EyesCostume210030": {
			"frame": {
				"x": 384,
				"y": 58,
				"w": 19,
				"h": 29
			},
			"rotated": false,
			"trimmed": true,
			"spriteSourceSize": {
				"x": 81,
				"y": 76,
				"w": 180,
				"h": 180
			},
			"sourceSize": {
				"w": 180,
				"h": 180
			}
		},
		"EyesCostume210031": {
			"frame": {
				"x": 4,
				"y": 102,
				"w": 180,
				"h": 180
			},
			"rotated": false,
			"trimmed": false,
			"spriteSourceSize": {
				"x": 0,
				"y": 0,
				"w": 180,
				"h": 180
			},
			"sourceSize": {
				"w": 180,
				"h": 180
			}
		}
	},
	"meta": {
		"app": "Adobe Animate",
		"version": "24.0.0.305",
		"image": "EyesCostume21.png",
		"format": "RGBA8888",
		"size": {
			"w": 512,
			"h": 512
		},
		"scale": "1.5"
	}
}