﻿{"frames": {

"MouthsCostume100000":
{
	"frame": {"x":2,"y":2,"w":19,"h":19},
	"rotated": false,
	"trimmed": true,
	"spriteSourceSize": {"x":91,"y":81,"w":200,"h":200},
	"sourceSize": {"w":200,"h":200}
},
"MouthsCostume100001":
{
	"frame": {"x":23,"y":2,"w":61,"h":23},
	"rotated": false,
	"trimmed": true,
	"spriteSourceSize": {"x":71,"y":78,"w":200,"h":200},
	"sourceSize": {"w":200,"h":200}
},
"MouthsCostume100002":
{
	"frame": {"x":86,"y":2,"w":52,"h":27},
	"rotated": false,
	"trimmed": true,
	"spriteSourceSize": {"x":77,"y":81,"w":200,"h":200},
	"sourceSize": {"w":200,"h":200}
},
"MouthsCostume100003":
{
	"frame": {"x":140,"y":2,"w":55,"h":45},
	"rotated": false,
	"trimmed": true,
	"spriteSourceSize": {"x":71,"y":70,"w":200,"h":200},
	"sourceSize": {"w":200,"h":200}
},
"MouthsCostume100004":
{
	"frame": {"x":197,"y":2,"w":59,"h":30},
	"rotated": false,
	"trimmed": true,
	"spriteSourceSize": {"x":70,"y":79,"w":200,"h":200},
	"sourceSize": {"w":200,"h":200}
},
"MouthsCostume100005":
{
	"frame": {"x":258,"y":2,"w":60,"h":34},
	"rotated": false,
	"trimmed": true,
	"spriteSourceSize": {"x":69,"y":79,"w":200,"h":200},
	"sourceSize": {"w":200,"h":200}
},
"MouthsCostume100006":
{
	"frame": {"x":320,"y":2,"w":61,"h":38},
	"rotated": false,
	"trimmed": true,
	"spriteSourceSize": {"x":68,"y":78,"w":200,"h":200},
	"sourceSize": {"w":200,"h":200}
},
"MouthsCostume100007":
{
	"frame": {"x":383,"y":2,"w":60,"h":50},
	"rotated": false,
	"trimmed": true,
	"spriteSourceSize": {"x":72,"y":70,"w":200,"h":200},
	"sourceSize": {"w":200,"h":200}
},
"MouthsCostume100008":
{
	"frame": {"x":445,"y":2,"w":55,"h":45},
	"rotated": false,
	"trimmed": true,
	"spriteSourceSize": {"x":71,"y":70,"w":200,"h":200},
	"sourceSize": {"w":200,"h":200}
},
"MouthsCostume100009":
{
	"frame": {"x":2,"y":54,"w":61,"h":30},
	"rotated": false,
	"trimmed": true,
	"spriteSourceSize": {"x":70,"y":79,"w":200,"h":200},
	"sourceSize": {"w":200,"h":200}
},
"MouthsCostume100010":
{
	"frame": {"x":65,"y":54,"w":60,"h":50},
	"rotated": false,
	"trimmed": true,
	"spriteSourceSize": {"x":72,"y":70,"w":200,"h":200},
	"sourceSize": {"w":200,"h":200}
},
"MouthsCostume100011":
{
	"frame": {"x":127,"y":54,"w":59,"h":24},
	"rotated": false,
	"trimmed": true,
	"spriteSourceSize": {"x":70,"y":80,"w":200,"h":200},
	"sourceSize": {"w":200,"h":200}
},
"MouthsCostume100012":
{
	"frame": {"x":188,"y":54,"w":64,"h":10},
	"rotated": false,
	"trimmed": true,
	"spriteSourceSize": {"x":72,"y":85,"w":200,"h":200},
	"sourceSize": {"w":200,"h":200}
},
"MouthsCostume100013":
{
	"frame": {"x":254,"y":54,"w":24,"h":22},
	"rotated": false,
	"trimmed": true,
	"spriteSourceSize": {"x":105,"y":80,"w":200,"h":200},
	"sourceSize": {"w":200,"h":200}
},
"MouthsCostume100014":
{
	"frame": {"x":280,"y":54,"w":18,"h":17},
	"rotated": false,
	"trimmed": true,
	"spriteSourceSize": {"x":114,"y":79,"w":200,"h":200},
	"sourceSize": {"w":200,"h":200}
},
"MouthsCostume100015":
{
	"frame": {"x":300,"y":54,"w":59,"h":22},
	"rotated": false,
	"trimmed": true,
	"spriteSourceSize": {"x":71,"y":84,"w":200,"h":200},
	"sourceSize": {"w":200,"h":200}
},
"MouthsCostume100016":
{
	"frame": {"x":361,"y":54,"w":48,"h":27},
	"rotated": false,
	"trimmed": true,
	"spriteSourceSize": {"x":78,"y":78,"w":200,"h":200},
	"sourceSize": {"w":200,"h":200}
},
"MouthsCostume100017":
{
	"frame": {"x":411,"y":54,"w":55,"h":45},
	"rotated": false,
	"trimmed": true,
	"spriteSourceSize": {"x":71,"y":70,"w":200,"h":200},
	"sourceSize": {"w":200,"h":200}
},
"MouthsCostume100018":
{
	"frame": {"x":468,"y":54,"w":39,"h":23},
	"rotated": false,
	"trimmed": true,
	"spriteSourceSize": {"x":74,"y":80,"w":200,"h":200},
	"sourceSize": {"w":200,"h":200}
},
"MouthsCostume100019":
{
	"frame": {"x":2,"y":106,"w":41,"h":16},
	"rotated": false,
	"trimmed": true,
	"spriteSourceSize": {"x":99,"y":82,"w":200,"h":200},
	"sourceSize": {"w":200,"h":200}
},
"MouthsCostume100020":
{
	"frame": {"x":45,"y":106,"w":55,"h":27},
	"rotated": false,
	"trimmed": true,
	"spriteSourceSize": {"x":74,"y":78,"w":200,"h":200},
	"sourceSize": {"w":200,"h":200}
},
"MouthsCostume100021":
{
	"frame": {"x":102,"y":106,"w":55,"h":31},
	"rotated": false,
	"trimmed": true,
	"spriteSourceSize": {"x":74,"y":78,"w":200,"h":200},
	"sourceSize": {"w":200,"h":200}
},
"MouthsCostume100022":
{
	"frame": {"x":159,"y":106,"w":55,"h":38},
	"rotated": false,
	"trimmed": true,
	"spriteSourceSize": {"x":74,"y":78,"w":200,"h":200},
	"sourceSize": {"w":200,"h":200}
},
"MouthsCostume100023":
{
	"frame": {"x":216,"y":106,"w":56,"h":52},
	"rotated": false,
	"trimmed": true,
	"spriteSourceSize": {"x":74,"y":72,"w":200,"h":200},
	"sourceSize": {"w":200,"h":200}
},
"MouthsCostume100024":
{
	"frame": {"x":274,"y":106,"w":55,"h":45},
	"rotated": false,
	"trimmed": true,
	"spriteSourceSize": {"x":71,"y":70,"w":200,"h":200},
	"sourceSize": {"w":200,"h":200}
},
"MouthsCostume100025":
{
	"frame": {"x":331,"y":106,"w":42,"h":32},
	"rotated": false,
	"trimmed": true,
	"spriteSourceSize": {"x":70,"y":75,"w":200,"h":200},
	"sourceSize": {"w":200,"h":200}
},
"MouthsCostume100026":
{
	"frame": {"x":375,"y":106,"w":56,"h":27},
	"rotated": false,
	"trimmed": true,
	"spriteSourceSize": {"x":74,"y":78,"w":200,"h":200},
	"sourceSize": {"w":200,"h":200}
},
"MouthsCostume100027":
{
	"frame": {"x":433,"y":106,"w":56,"h":52},
	"rotated": false,
	"trimmed": true,
	"spriteSourceSize": {"x":74,"y":72,"w":200,"h":200},
	"sourceSize": {"w":200,"h":200}
},
"MouthsCostume100028":
{
	"frame": {"x":2,"y":160,"w":70,"h":45},
	"rotated": false,
	"trimmed": true,
	"spriteSourceSize": {"x":71,"y":70,"w":200,"h":200},
	"sourceSize": {"w":200,"h":200}
},
"MouthsCostume100029":
{
	"frame": {"x":74,"y":160,"w":55,"h":19},
	"rotated": false,
	"trimmed": true,
	"spriteSourceSize": {"x":75,"y":78,"w":200,"h":200},
	"sourceSize": {"w":200,"h":200}
},
"MouthsCostume100030":
{
	"frame": {"x":131,"y":160,"w":32,"h":29},
	"rotated": false,
	"trimmed": true,
	"spriteSourceSize": {"x":109,"y":76,"w":200,"h":200},
	"sourceSize": {"w":200,"h":200}
},
"MouthsCostume100031":
{
	"frame": {"x":165,"y":160,"w":71,"h":33},
	"rotated": false,
	"trimmed": true,
	"spriteSourceSize": {"x":67,"y":76,"w":200,"h":200},
	"sourceSize": {"w":200,"h":200}
},
"MouthsCostume100032":
{
	"frame": {"x":238,"y":160,"w":200,"h":200},
	"rotated": false,
	"trimmed": false,
	"spriteSourceSize": {"x":0,"y":0,"w":200,"h":200},
	"sourceSize": {"w":200,"h":200}
}},
"meta": {
	"app": "Adobe Animate",
	"version": "24.0.0.305",
	"image": "MouthsCostume10.png",
	"format": "RGBA8888",
	"size": {"w":512,"h":512},
	"scale": "1"
}
}
