﻿{"frames": {

"Objects0000":
{
	"frame": {"x":2,"y":2,"w":50,"h":50},
	"rotated": false,
	"trimmed": true,
	"spriteSourceSize": {"x":0,"y":0,"w":51,"h":50},
	"sourceSize": {"w":51,"h":50}
},
"Objects0001":
{
	"frame": {"x":56,"y":2,"w":50,"h":50},
	"rotated": false,
	"trimmed": true,
	"spriteSourceSize": {"x":0,"y":0,"w":51,"h":50},
	"sourceSize": {"w":51,"h":50}
},
"Objects0002":
{
	"frame": {"x":110,"y":2,"w":50,"h":50},
	"rotated": false,
	"trimmed": true,
	"spriteSourceSize": {"x":0,"y":0,"w":51,"h":50},
	"sourceSize": {"w":51,"h":50}
},
"Objects0003":
{
	"frame": {"x":164,"y":2,"w":50,"h":50},
	"rotated": false,
	"trimmed": true,
	"spriteSourceSize": {"x":0,"y":0,"w":51,"h":50},
	"sourceSize": {"w":51,"h":50}
},
"Objects0004":
{
	"frame": {"x":2,"y":56,"w":50,"h":50},
	"rotated": false,
	"trimmed": true,
	"spriteSourceSize": {"x":0,"y":0,"w":51,"h":50},
	"sourceSize": {"w":51,"h":50}
},
"Objects0005":
{
	"frame": {"x":56,"y":56,"w":50,"h":50},
	"rotated": false,
	"trimmed": true,
	"spriteSourceSize": {"x":0,"y":0,"w":51,"h":50},
	"sourceSize": {"w":51,"h":50}
},
"Objects0006":
{
	"frame": {"x":110,"y":56,"w":50,"h":50},
	"rotated": false,
	"trimmed": true,
	"spriteSourceSize": {"x":0,"y":0,"w":51,"h":50},
	"sourceSize": {"w":51,"h":50}
},
"Objects0007":
{
	"frame": {"x":164,"y":56,"w":51,"h":50},
	"rotated": false,
	"trimmed": true,
	"spriteSourceSize": {"x":0,"y":0,"w":51,"h":50},
	"sourceSize": {"w":51,"h":50}
},
"Objects0008":
{
	"frame": {"x":2,"y":110,"w":50,"h":25},
	"rotated": false,
	"trimmed": true,
	"spriteSourceSize": {"x":0,"y":25,"w":51,"h":50},
	"sourceSize": {"w":51,"h":50}
},
"Objects0009":
{
	"frame": {"x":56,"y":110,"w":50,"h":25},
	"rotated": false,
	"trimmed": true,
	"spriteSourceSize": {"x":0,"y":25,"w":51,"h":50},
	"sourceSize": {"w":51,"h":50}
},
"Objects0010":
{
	"frame": {"x":110,"y":110,"w":50,"h":50},
	"rotated": false,
	"trimmed": true,
	"spriteSourceSize": {"x":0,"y":0,"w":51,"h":50},
	"sourceSize": {"w":51,"h":50}
},
"Objects0011":
{
	"frame": {"x":164,"y":110,"w":50,"h":50},
	"rotated": false,
	"trimmed": true,
	"spriteSourceSize": {"x":0,"y":0,"w":51,"h":50},
	"sourceSize": {"w":51,"h":50}
},
"Objects0012":
{
	"frame": {"x":2,"y":164,"w":50,"h":50},
	"rotated": false,
	"trimmed": true,
	"spriteSourceSize": {"x":0,"y":0,"w":51,"h":50},
	"sourceSize": {"w":51,"h":50}
},
"Objects0013":
{
	"frame": {"x":56,"y":164,"w":50,"h":50},
	"rotated": false,
	"trimmed": true,
	"spriteSourceSize": {"x":0,"y":0,"w":51,"h":50},
	"sourceSize": {"w":51,"h":50}
},
"Objects0014":
{
	"frame": {"x":110,"y":164,"w":24,"h":50},
	"rotated": false,
	"trimmed": true,
	"spriteSourceSize": {"x":13,"y":0,"w":51,"h":50},
	"sourceSize": {"w":51,"h":50}
},
"Objects0015":
{
	"frame": {"x":138,"y":164,"w":46,"h":38},
	"rotated": false,
	"trimmed": true,
	"spriteSourceSize": {"x":2,"y":6,"w":51,"h":50},
	"sourceSize": {"w":51,"h":50}
}},
"meta": {
	"app": "Adobe Animate",
	"version": "24.0.1.329",
	"image": "Objects.png",
	"format": "RGBA8888",
	"size": {"w":256,"h":256},
	"scale": "1"
}
}
