﻿{"frames": {

"Placeholders0000":
{
	"frame": {"x":0,"y":0,"w":50,"h":50},
	"rotated": false,
	"trimmed": false,
	"spriteSourceSize": {"x":0,"y":0,"w":50,"h":50},
	"sourceSize": {"w":50,"h":50}
},
"Placeholders0001":
{
	"frame": {"x":50,"y":0,"w":50,"h":50},
	"rotated": false,
	"trimmed": false,
	"spriteSourceSize": {"x":0,"y":0,"w":50,"h":50},
	"sourceSize": {"w":50,"h":50}
},
"Placeholders0002":
{
	"frame": {"x":0,"y":50,"w":50,"h":50},
	"rotated": false,
	"trimmed": false,
	"spriteSourceSize": {"x":0,"y":0,"w":50,"h":50},
	"sourceSize": {"w":50,"h":50}
}},
"meta": {
	"app": "Adobe Animate",
	"version": "24.0.1.329",
	"image": "Placeholders.png",
	"format": "RGBA8888",
	"size": {"w":128,"h":128},
	"scale": "1"
}
}
