﻿{"frames": {

"UI0000":
{
	"frame": {"x":0,"y":0,"w":546,"h":373},
	"rotated": false,
	"trimmed": false,
	"spriteSourceSize": {"x":0,"y":0,"w":546,"h":373},
	"sourceSize": {"w":546,"h":373}
},
"UI0001":
{
	"frame": {"x":0,"y":376,"w":427,"h":88},
	"rotated": false,
	"trimmed": true,
	"spriteSourceSize": {"x":60,"y":141,"w":546,"h":373},
	"sourceSize": {"w":546,"h":373}
}},
"meta": {
	"app": "Adobe Animate",
	"version": "24.0.0.305",
	"image": "UI.png",
	"format": "RGBA8888",
	"size": {"w":1024,"h":512},
	"scale": "1"
}
}
