﻿{"frames": {

"BodiesCostume_10000":
{
	"frame": {"x":4,"y":4,"w":213,"h":341},
	"rotated": false,
	"trimmed": true,
	"spriteSourceSize": {"x":692,"y":633,"w":1600,"h":1600},
	"sourceSize": {"w":1600,"h":1600}
},
"BodiesCostume_10001":
{
	"frame": {"x":227,"y":4,"w":212,"h":372},
	"rotated": false,
	"trimmed": true,
	"spriteSourceSize": {"x":697,"y":601,"w":1600,"h":1600},
	"sourceSize": {"w":1600,"h":1600}
},
"BodiesCostume_10002":
{
	"frame": {"x":449,"y":4,"w":468,"h":363},
	"rotated": false,
	"trimmed": true,
	"spriteSourceSize": {"x":575,"y":610,"w":1600,"h":1600},
	"sourceSize": {"w":1600,"h":1600}
},
"BodiesCostume_10003":
{
	"frame": {"x":927,"y":4,"w":366,"h":485},
	"rotated": false,
	"trimmed": true,
	"spriteSourceSize": {"x":612,"y":574,"w":1600,"h":1600},
	"sourceSize": {"w":1600,"h":1600}
},
"BodiesCostume_10004":
{
	"frame": {"x":1303,"y":4,"w":213,"h":339},
	"rotated": false,
	"trimmed": true,
	"spriteSourceSize": {"x":692,"y":626,"w":1600,"h":1600},
	"sourceSize": {"w":1600,"h":1600}
},
"BodiesCostume_10005":
{
	"frame": {"x":1526,"y":4,"w":0,"h":0},
	"rotated": false,
	"trimmed": true,
	"spriteSourceSize": {"x":800,"y":800,"w":1600,"h":1600},
	"sourceSize": {"w":1600,"h":1600}
},
"BodiesCostume_10006":
{
	"frame": {"x":1536,"y":4,"w":362,"h":332},
	"rotated": false,
	"trimmed": true,
	"spriteSourceSize": {"x":652,"y":626,"w":1600,"h":1600},
	"sourceSize": {"w":1600,"h":1600}
},
"BodiesCostume_10007":
{
	"frame": {"x":1908,"y":4,"w":353,"h":337},
	"rotated": false,
	"trimmed": true,
	"spriteSourceSize": {"x":697,"y":621,"w":1600,"h":1600},
	"sourceSize": {"w":1600,"h":1600}
},
"BodiesCostume_10008":
{
	"frame": {"x":2271,"y":4,"w":259,"h":309},
	"rotated": false,
	"trimmed": true,
	"spriteSourceSize": {"x":652,"y":649,"w":1600,"h":1600},
	"sourceSize": {"w":1600,"h":1600}
},
"BodiesCostume_10009":
{
	"frame": {"x":2540,"y":4,"w":229,"h":338},
	"rotated": false,
	"trimmed": true,
	"spriteSourceSize": {"x":700,"y":620,"w":1600,"h":1600},
	"sourceSize": {"w":1600,"h":1600}
},
"BodiesCostume_10010":
{
	"frame": {"x":2779,"y":4,"w":194,"h":309},
	"rotated": false,
	"trimmed": true,
	"spriteSourceSize": {"x":702,"y":641,"w":1600,"h":1600},
	"sourceSize": {"w":1600,"h":1600}
},
"BodiesCostume_10011":
{
	"frame": {"x":2983,"y":4,"w":212,"h":357},
	"rotated": false,
	"trimmed": true,
	"spriteSourceSize": {"x":697,"y":601,"w":1600,"h":1600},
	"sourceSize": {"w":1600,"h":1600}
},
"BodiesCostume_10012":
{
	"frame": {"x":3205,"y":4,"w":213,"h":339},
	"rotated": false,
	"trimmed": true,
	"spriteSourceSize": {"x":692,"y":626,"w":1600,"h":1600},
	"sourceSize": {"w":1600,"h":1600}
},
"BodiesCostume_10013":
{
	"frame": {"x":3428,"y":4,"w":220,"h":357},
	"rotated": false,
	"trimmed": true,
	"spriteSourceSize": {"x":697,"y":601,"w":1600,"h":1600},
	"sourceSize": {"w":1600,"h":1600}
},
"BodiesCostume_10014":
{
	"frame": {"x":3658,"y":4,"w":213,"h":339},
	"rotated": false,
	"trimmed": true,
	"spriteSourceSize": {"x":692,"y":626,"w":1600,"h":1600},
	"sourceSize": {"w":1600,"h":1600}
},
"BodiesCostume_10015":
{
	"frame": {"x":4,"y":499,"w":212,"h":357},
	"rotated": false,
	"trimmed": true,
	"spriteSourceSize": {"x":697,"y":601,"w":1600,"h":1600},
	"sourceSize": {"w":1600,"h":1600}
},
"BodiesCostume_10016":
{
	"frame": {"x":226,"y":499,"w":197,"h":309},
	"rotated": false,
	"trimmed": true,
	"spriteSourceSize": {"x":701,"y":641,"w":1600,"h":1600},
	"sourceSize": {"w":1600,"h":1600}
},
"BodiesCostume_10017":
{
	"frame": {"x":433,"y":499,"w":272,"h":357},
	"rotated": false,
	"trimmed": true,
	"spriteSourceSize": {"x":697,"y":601,"w":1600,"h":1600},
	"sourceSize": {"w":1600,"h":1600}
},
"BodiesCostume_10018":
{
	"frame": {"x":715,"y":499,"w":199,"h":287},
	"rotated": false,
	"trimmed": true,
	"spriteSourceSize": {"x":701,"y":663,"w":1600,"h":1600},
	"sourceSize": {"w":1600,"h":1600}
},
"BodiesCostume_10019":
{
	"frame": {"x":924,"y":499,"w":195,"h":324},
	"rotated": false,
	"trimmed": true,
	"spriteSourceSize": {"x":704,"y":628,"w":1600,"h":1600},
	"sourceSize": {"w":1600,"h":1600}
},
"BodiesCostume_10020":
{
	"frame": {"x":1129,"y":499,"w":325,"h":305},
	"rotated": false,
	"trimmed": true,
	"spriteSourceSize": {"x":636,"y":655,"w":1600,"h":1600},
	"sourceSize": {"w":1600,"h":1600}
},
"BodiesCostume_10021":
{
	"frame": {"x":1464,"y":499,"w":316,"h":357},
	"rotated": false,
	"trimmed": true,
	"spriteSourceSize": {"x":639,"y":628,"w":1600,"h":1600},
	"sourceSize": {"w":1600,"h":1600}
},
"BodiesCostume_10022":
{
	"frame": {"x":1790,"y":499,"w":265,"h":287},
	"rotated": false,
	"trimmed": true,
	"spriteSourceSize": {"x":701,"y":663,"w":1600,"h":1600},
	"sourceSize": {"w":1600,"h":1600}
},
"BodiesCostume_10023":
{
	"frame": {"x":2065,"y":499,"w":310,"h":321},
	"rotated": false,
	"trimmed": true,
	"spriteSourceSize": {"x":700,"y":630,"w":1600,"h":1600},
	"sourceSize": {"w":1600,"h":1600}
},
"BodiesCostume_10024":
{
	"frame": {"x":2385,"y":499,"w":227,"h":344},
	"rotated": false,
	"trimmed": true,
	"spriteSourceSize": {"x":687,"y":615,"w":1600,"h":1600},
	"sourceSize": {"w":1600,"h":1600}
},
"BodiesCostume_10025":
{
	"frame": {"x":2622,"y":499,"w":234,"h":356},
	"rotated": false,
	"trimmed": true,
	"spriteSourceSize": {"x":686,"y":605,"w":1600,"h":1600},
	"sourceSize": {"w":1600,"h":1600}
},
"BodiesCostume_10026":
{
	"frame": {"x":2866,"y":499,"w":194,"h":309},
	"rotated": false,
	"trimmed": true,
	"spriteSourceSize": {"x":702,"y":641,"w":1600,"h":1600},
	"sourceSize": {"w":1600,"h":1600}
},
"BodiesCostume_10027":
{
	"frame": {"x":3070,"y":499,"w":212,"h":357},
	"rotated": false,
	"trimmed": true,
	"spriteSourceSize": {"x":697,"y":601,"w":1600,"h":1600},
	"sourceSize": {"w":1600,"h":1600}
},
"BodiesCostume_10028":
{
	"frame": {"x":3292,"y":499,"w":213,"h":321},
	"rotated": false,
	"trimmed": true,
	"spriteSourceSize": {"x":692,"y":635,"w":1600,"h":1600},
	"sourceSize": {"w":1600,"h":1600}
},
"BodiesCostume_10029":
{
	"frame": {"x":3515,"y":499,"w":227,"h":357},
	"rotated": false,
	"trimmed": true,
	"spriteSourceSize": {"x":697,"y":601,"w":1600,"h":1600},
	"sourceSize": {"w":1600,"h":1600}
},
"BodiesCostume_10030":
{
	"frame": {"x":3752,"y":499,"w":275,"h":383},
	"rotated": false,
	"trimmed": true,
	"spriteSourceSize": {"x":654,"y":580,"w":1600,"h":1600},
	"sourceSize": {"w":1600,"h":1600}
},
"BodiesCostume_10031":
{
	"frame": {"x":4,"y":892,"w":290,"h":367},
	"rotated": false,
	"trimmed": true,
	"spriteSourceSize": {"x":696,"y":594,"w":1600,"h":1600},
	"sourceSize": {"w":1600,"h":1600}
},
"BodiesCostume_10032":
{
	"frame": {"x":304,"y":892,"w":213,"h":339},
	"rotated": false,
	"trimmed": true,
	"spriteSourceSize": {"x":692,"y":626,"w":1600,"h":1600},
	"sourceSize": {"w":1600,"h":1600}
},
"BodiesCostume_10033":
{
	"frame": {"x":527,"y":892,"w":212,"h":357},
	"rotated": false,
	"trimmed": true,
	"spriteSourceSize": {"x":697,"y":601,"w":1600,"h":1600},
	"sourceSize": {"w":1600,"h":1600}
},
"BodiesCostume_10034":
{
	"frame": {"x":749,"y":892,"w":195,"h":312},
	"rotated": false,
	"trimmed": true,
	"spriteSourceSize": {"x":701,"y":638,"w":1600,"h":1600},
	"sourceSize": {"w":1600,"h":1600}
},
"BodiesCostume_10035":
{
	"frame": {"x":954,"y":892,"w":199,"h":353},
	"rotated": false,
	"trimmed": true,
	"spriteSourceSize": {"x":704,"y":605,"w":1600,"h":1600},
	"sourceSize": {"w":1600,"h":1600}
},
"BodiesCostume_10036":
{
	"frame": {"x":1163,"y":892,"w":158,"h":153},
	"rotated": false,
	"trimmed": true,
	"spriteSourceSize": {"x":761,"y":764,"w":1600,"h":1600},
	"sourceSize": {"w":1600,"h":1600}
},
"BodiesCostume_10037":
{
	"frame": {"x":1331,"y":892,"w":113,"h":124},
	"rotated": false,
	"trimmed": true,
	"spriteSourceSize": {"x":749,"y":689,"w":1600,"h":1600},
	"sourceSize": {"w":1600,"h":1600}
},
"BodiesCostume_10038":
{
	"frame": {"x":1454,"y":892,"w":263,"h":350},
	"rotated": false,
	"trimmed": true,
	"spriteSourceSize": {"x":698,"y":623,"w":1600,"h":1600},
	"sourceSize": {"w":1600,"h":1600}
},
"BodiesCostume_10039":
{
	"frame": {"x":1727,"y":892,"w":199,"h":287},
	"rotated": false,
	"trimmed": true,
	"spriteSourceSize": {"x":701,"y":663,"w":1600,"h":1600},
	"sourceSize": {"w":1600,"h":1600}
},
"BodiesCostume_10040":
{
	"frame": {"x":1936,"y":892,"w":205,"h":329},
	"rotated": false,
	"trimmed": true,
	"spriteSourceSize": {"x":697,"y":629,"w":1600,"h":1600},
	"sourceSize": {"w":1600,"h":1600}
},
"BodiesCostume_10041":
{
	"frame": {"x":2151,"y":892,"w":150,"h":102},
	"rotated": false,
	"trimmed": true,
	"spriteSourceSize": {"x":789,"y":738,"w":1600,"h":1600},
	"sourceSize": {"w":1600,"h":1600}
},
"BodiesCostume_10042":
{
	"frame": {"x":2311,"y":892,"w":449,"h":287},
	"rotated": false,
	"trimmed": true,
	"spriteSourceSize": {"x":574,"y":663,"w":1600,"h":1600},
	"sourceSize": {"w":1600,"h":1600}
},
"BodiesCostume_10043":
{
	"frame": {"x":2770,"y":892,"w":213,"h":339},
	"rotated": false,
	"trimmed": true,
	"spriteSourceSize": {"x":692,"y":626,"w":1600,"h":1600},
	"sourceSize": {"w":1600,"h":1600}
},
"BodiesCostume_10044":
{
	"frame": {"x":2993,"y":892,"w":212,"h":357},
	"rotated": false,
	"trimmed": true,
	"spriteSourceSize": {"x":697,"y":601,"w":1600,"h":1600},
	"sourceSize": {"w":1600,"h":1600}
},
"BodiesCostume_10045":
{
	"frame": {"x":3215,"y":892,"w":213,"h":339},
	"rotated": false,
	"trimmed": true,
	"spriteSourceSize": {"x":692,"y":626,"w":1600,"h":1600},
	"sourceSize": {"w":1600,"h":1600}
},
"BodiesCostume_10046":
{
	"frame": {"x":3438,"y":892,"w":212,"h":357},
	"rotated": false,
	"trimmed": true,
	"spriteSourceSize": {"x":697,"y":601,"w":1600,"h":1600},
	"sourceSize": {"w":1600,"h":1600}
},
"BodiesCostume_10047":
{
	"frame": {"x":3660,"y":892,"w":291,"h":339},
	"rotated": false,
	"trimmed": true,
	"spriteSourceSize": {"x":692,"y":626,"w":1600,"h":1600},
	"sourceSize": {"w":1600,"h":1600}
},
"BodiesCostume_10048":
{
	"frame": {"x":4,"y":1269,"w":300,"h":357},
	"rotated": false,
	"trimmed": true,
	"spriteSourceSize": {"x":697,"y":601,"w":1600,"h":1600},
	"sourceSize": {"w":1600,"h":1600}
},
"BodiesCostume_10049":
{
	"frame": {"x":314,"y":1269,"w":219,"h":293},
	"rotated": false,
	"trimmed": true,
	"spriteSourceSize": {"x":689,"y":661,"w":1600,"h":1600},
	"sourceSize": {"w":1600,"h":1600}
},
"BodiesCostume_10050":
{
	"frame": {"x":543,"y":1269,"w":206,"h":326},
	"rotated": false,
	"trimmed": true,
	"spriteSourceSize": {"x":694,"y":628,"w":1600,"h":1600},
	"sourceSize": {"w":1600,"h":1600}
},
"BodiesCostume_10051":
{
	"frame": {"x":1526,"y":4,"w":0,"h":0},
	"rotated": false,
	"trimmed": true,
	"spriteSourceSize": {"x":0,"y":0,"w":1600,"h":1600},
	"sourceSize": {"w":1600,"h":1600}
}},
"meta": {
	"app": "Adobe Animate",
	"version": "24.0.0.305",
	"image": "BodiesCostume_1.png",
	"format": "RGBA8888",
	"size": {"w":4096,"h":2048},
	"scale": "2"
}
}
