﻿{"frames": {

"Food0000":
{
	"frame": {"x":4,"y":4,"w":298,"h":103},
	"rotated": false,
	"trimmed": true,
	"spriteSourceSize": {"x":152,"y":269,"w":600,"h":600},
	"sourceSize": {"w":600,"h":600}
},
"Food0001":
{
	"frame": {"x":312,"y":4,"w":111,"h":112},
	"rotated": false,
	"trimmed": true,
	"spriteSourceSize": {"x":242,"y":248,"w":600,"h":600},
	"sourceSize": {"w":600,"h":600}
},
"Food0002":
{
	"frame": {"x":433,"y":4,"w":111,"h":113},
	"rotated": false,
	"trimmed": true,
	"spriteSourceSize": {"x":242,"y":248,"w":600,"h":600},
	"sourceSize": {"w":600,"h":600}
},
"Food0003":
{
	"frame": {"x":554,"y":4,"w":78,"h":77},
	"rotated": false,
	"trimmed": true,
	"spriteSourceSize": {"x":261,"y":254,"w":600,"h":600},
	"sourceSize": {"w":600,"h":600}
},
"Food0004":
{
	"frame": {"x":642,"y":4,"w":94,"h":107},
	"rotated": false,
	"trimmed": true,
	"spriteSourceSize": {"x":254,"y":248,"w":600,"h":600},
	"sourceSize": {"w":600,"h":600}
},
"Food0005":
{
	"frame": {"x":746,"y":4,"w":209,"h":127},
	"rotated": false,
	"trimmed": true,
	"spriteSourceSize": {"x":173,"y":244,"w":600,"h":600},
	"sourceSize": {"w":600,"h":600}
},
"Food0006":
{
	"frame": {"x":4,"y":141,"w":113,"h":74},
	"rotated": false,
	"trimmed": true,
	"spriteSourceSize": {"x":243,"y":262,"w":600,"h":600},
	"sourceSize": {"w":600,"h":600}
},
"Food0007":
{
	"frame": {"x":127,"y":141,"w":74,"h":79},
	"rotated": false,
	"trimmed": true,
	"spriteSourceSize": {"x":261,"y":259,"w":600,"h":600},
	"sourceSize": {"w":600,"h":600}
},
"Food0008":
{
	"frame": {"x":211,"y":141,"w":74,"h":100},
	"rotated": false,
	"trimmed": true,
	"spriteSourceSize": {"x":263,"y":249,"w":600,"h":600},
	"sourceSize": {"w":600,"h":600}
},
"Food0009":
{
	"frame": {"x":295,"y":141,"w":93,"h":95},
	"rotated": false,
	"trimmed": true,
	"spriteSourceSize": {"x":253,"y":253,"w":600,"h":600},
	"sourceSize": {"w":600,"h":600}
},
"Food0010":
{
	"frame": {"x":398,"y":141,"w":130,"h":53},
	"rotated": false,
	"trimmed": true,
	"spriteSourceSize": {"x":235,"y":274,"w":600,"h":600},
	"sourceSize": {"w":600,"h":600}
},
"Food0011":
{
	"frame": {"x":538,"y":141,"w":245,"h":113},
	"rotated": false,
	"trimmed": true,
	"spriteSourceSize": {"x":147,"y":239,"w":600,"h":600},
	"sourceSize": {"w":600,"h":600}
},
"Food0012":
{
	"frame": {"x":793,"y":141,"w":93,"h":118},
	"rotated": false,
	"trimmed": true,
	"spriteSourceSize": {"x":254,"y":233,"w":600,"h":600},
	"sourceSize": {"w":600,"h":600}
},
"Food0013":
{
	"frame": {"x":896,"y":141,"w":93,"h":118},
	"rotated": false,
	"trimmed": true,
	"spriteSourceSize": {"x":254,"y":233,"w":600,"h":600},
	"sourceSize": {"w":600,"h":600}
},
"Food0014":
{
	"frame": {"x":4,"y":269,"w":125,"h":100},
	"rotated": false,
	"trimmed": true,
	"spriteSourceSize": {"x":238,"y":249,"w":600,"h":600},
	"sourceSize": {"w":600,"h":600}
},
"Food0015":
{
	"frame": {"x":139,"y":269,"w":107,"h":62},
	"rotated": false,
	"trimmed": true,
	"spriteSourceSize": {"x":244,"y":270,"w":600,"h":600},
	"sourceSize": {"w":600,"h":600}
},
"Food0016":
{
	"frame": {"x":256,"y":269,"w":99,"h":60},
	"rotated": false,
	"trimmed": true,
	"spriteSourceSize": {"x":250,"y":273,"w":600,"h":600},
	"sourceSize": {"w":600,"h":600}
},
"Food0017":
{
	"frame": {"x":365,"y":269,"w":116,"h":76},
	"rotated": false,
	"trimmed": true,
	"spriteSourceSize": {"x":243,"y":264,"w":600,"h":600},
	"sourceSize": {"w":600,"h":600}
},
"Food0018":
{
	"frame": {"x":4,"y":379,"w":600,"h":600},
	"rotated": false,
	"trimmed": false,
	"spriteSourceSize": {"x":0,"y":0,"w":600,"h":600},
	"sourceSize": {"w":600,"h":600}
}},
"meta": {
	"app": "Adobe Animate",
	"version": "24.0.0.305",
	"image": "Food.png",
	"format": "RGBA8888",
	"size": {"w":1024,"h":1024},
	"scale": "2"
}
}
