﻿{"frames": {

"BodiesCostume_10000":
{
	"frame": {"x":4,"y":4,"w":213,"h":342},
	"rotated": false,
	"trimmed": true,
	"spriteSourceSize": {"x":692,"y":626,"w":1600,"h":1600},
	"sourceSize": {"w":1600,"h":1600}
},
"BodiesCostume_10001":
{
	"frame": {"x":227,"y":4,"w":212,"h":369},
	"rotated": false,
	"trimmed": true,
	"spriteSourceSize": {"x":697,"y":601,"w":1600,"h":1600},
	"sourceSize": {"w":1600,"h":1600}
},
"BodiesCostume_10002":
{
	"frame": {"x":449,"y":4,"w":459,"h":350},
	"rotated": false,
	"trimmed": true,
	"spriteSourceSize": {"x":580,"y":615,"w":1600,"h":1600},
	"sourceSize": {"w":1600,"h":1600}
},
"BodiesCostume_10003":
{
	"frame": {"x":918,"y":4,"w":357,"h":472},
	"rotated": false,
	"trimmed": true,
	"spriteSourceSize": {"x":617,"y":580,"w":1600,"h":1600},
	"sourceSize": {"w":1600,"h":1600}
},
"BodiesCostume_10004":
{
	"frame": {"x":1285,"y":4,"w":213,"h":339},
	"rotated": false,
	"trimmed": true,
	"spriteSourceSize": {"x":692,"y":626,"w":1600,"h":1600},
	"sourceSize": {"w":1600,"h":1600}
},
"BodiesCostume_10005":
{
	"frame": {"x":1508,"y":4,"w":0,"h":0},
	"rotated": false,
	"trimmed": true,
	"spriteSourceSize": {"x":800,"y":800,"w":1600,"h":1600},
	"sourceSize": {"w":1600,"h":1600}
},
"BodiesCostume_10006":
{
	"frame": {"x":1518,"y":4,"w":350,"h":327},
	"rotated": false,
	"trimmed": true,
	"spriteSourceSize": {"x":660,"y":633,"w":1600,"h":1600},
	"sourceSize": {"w":1600,"h":1600}
},
"BodiesCostume_10007":
{
	"frame": {"x":1878,"y":4,"w":350,"h":357},
	"rotated": false,
	"trimmed": true,
	"spriteSourceSize": {"x":697,"y":601,"w":1600,"h":1600},
	"sourceSize": {"w":1600,"h":1600}
},
"BodiesCostume_10008":
{
	"frame": {"x":2238,"y":4,"w":265,"h":319},
	"rotated": false,
	"trimmed": true,
	"spriteSourceSize": {"x":660,"y":641,"w":1600,"h":1600},
	"sourceSize": {"w":1600,"h":1600}
},
"BodiesCostume_10009":
{
	"frame": {"x":2513,"y":4,"w":226,"h":357},
	"rotated": false,
	"trimmed": true,
	"spriteSourceSize": {"x":697,"y":601,"w":1600,"h":1600},
	"sourceSize": {"w":1600,"h":1600}
},
"BodiesCostume_10010":
{
	"frame": {"x":2749,"y":4,"w":194,"h":309},
	"rotated": false,
	"trimmed": true,
	"spriteSourceSize": {"x":702,"y":641,"w":1600,"h":1600},
	"sourceSize": {"w":1600,"h":1600}
},
"BodiesCostume_10011":
{
	"frame": {"x":2953,"y":4,"w":212,"h":357},
	"rotated": false,
	"trimmed": true,
	"spriteSourceSize": {"x":697,"y":601,"w":1600,"h":1600},
	"sourceSize": {"w":1600,"h":1600}
},
"BodiesCostume_10012":
{
	"frame": {"x":3175,"y":4,"w":213,"h":339},
	"rotated": false,
	"trimmed": true,
	"spriteSourceSize": {"x":692,"y":626,"w":1600,"h":1600},
	"sourceSize": {"w":1600,"h":1600}
},
"BodiesCostume_10013":
{
	"frame": {"x":3398,"y":4,"w":220,"h":357},
	"rotated": false,
	"trimmed": true,
	"spriteSourceSize": {"x":697,"y":601,"w":1600,"h":1600},
	"sourceSize": {"w":1600,"h":1600}
},
"BodiesCostume_10014":
{
	"frame": {"x":3628,"y":4,"w":213,"h":339},
	"rotated": false,
	"trimmed": true,
	"spriteSourceSize": {"x":692,"y":626,"w":1600,"h":1600},
	"sourceSize": {"w":1600,"h":1600}
},
"BodiesCostume_10015":
{
	"frame": {"x":3851,"y":4,"w":212,"h":357},
	"rotated": false,
	"trimmed": true,
	"spriteSourceSize": {"x":697,"y":601,"w":1600,"h":1600},
	"sourceSize": {"w":1600,"h":1600}
},
"BodiesCostume_10016":
{
	"frame": {"x":4,"y":486,"w":237,"h":309},
	"rotated": false,
	"trimmed": true,
	"spriteSourceSize": {"x":701,"y":641,"w":1600,"h":1600},
	"sourceSize": {"w":1600,"h":1600}
},
"BodiesCostume_10017":
{
	"frame": {"x":251,"y":486,"w":272,"h":357},
	"rotated": false,
	"trimmed": true,
	"spriteSourceSize": {"x":697,"y":601,"w":1600,"h":1600},
	"sourceSize": {"w":1600,"h":1600}
},
"BodiesCostume_10018":
{
	"frame": {"x":533,"y":486,"w":199,"h":287},
	"rotated": false,
	"trimmed": true,
	"spriteSourceSize": {"x":701,"y":663,"w":1600,"h":1600},
	"sourceSize": {"w":1600,"h":1600}
},
"BodiesCostume_10019":
{
	"frame": {"x":742,"y":486,"w":272,"h":357},
	"rotated": false,
	"trimmed": true,
	"spriteSourceSize": {"x":697,"y":601,"w":1600,"h":1600},
	"sourceSize": {"w":1600,"h":1600}
},
"BodiesCostume_10020":
{
	"frame": {"x":1024,"y":486,"w":325,"h":305},
	"rotated": false,
	"trimmed": true,
	"spriteSourceSize": {"x":636,"y":655,"w":1600,"h":1600},
	"sourceSize": {"w":1600,"h":1600}
},
"BodiesCostume_10021":
{
	"frame": {"x":1359,"y":486,"w":316,"h":357},
	"rotated": false,
	"trimmed": true,
	"spriteSourceSize": {"x":639,"y":628,"w":1600,"h":1600},
	"sourceSize": {"w":1600,"h":1600}
},
"BodiesCostume_10022":
{
	"frame": {"x":1685,"y":486,"w":265,"h":287},
	"rotated": false,
	"trimmed": true,
	"spriteSourceSize": {"x":701,"y":663,"w":1600,"h":1600},
	"sourceSize": {"w":1600,"h":1600}
},
"BodiesCostume_10023":
{
	"frame": {"x":1960,"y":486,"w":316,"h":334},
	"rotated": false,
	"trimmed": true,
	"spriteSourceSize": {"x":697,"y":624,"w":1600,"h":1600},
	"sourceSize": {"w":1600,"h":1600}
},
"BodiesCostume_10024":
{
	"frame": {"x":2286,"y":486,"w":217,"h":325},
	"rotated": false,
	"trimmed": true,
	"spriteSourceSize": {"x":694,"y":626,"w":1600,"h":1600},
	"sourceSize": {"w":1600,"h":1600}
},
"BodiesCostume_10025":
{
	"frame": {"x":2513,"y":486,"w":223,"h":339},
	"rotated": false,
	"trimmed": true,
	"spriteSourceSize": {"x":694,"y":612,"w":1600,"h":1600},
	"sourceSize": {"w":1600,"h":1600}
},
"BodiesCostume_10026":
{
	"frame": {"x":2746,"y":486,"w":188,"h":303},
	"rotated": false,
	"trimmed": true,
	"spriteSourceSize": {"x":705,"y":644,"w":1600,"h":1600},
	"sourceSize": {"w":1600,"h":1600}
},
"BodiesCostume_10027":
{
	"frame": {"x":2944,"y":486,"w":181,"h":333},
	"rotated": false,
	"trimmed": true,
	"spriteSourceSize": {"x":712,"y":614,"w":1600,"h":1600},
	"sourceSize": {"w":1600,"h":1600}
},
"BodiesCostume_10028":
{
	"frame": {"x":3135,"y":486,"w":213,"h":339},
	"rotated": false,
	"trimmed": true,
	"spriteSourceSize": {"x":692,"y":626,"w":1600,"h":1600},
	"sourceSize": {"w":1600,"h":1600}
},
"BodiesCostume_10029":
{
	"frame": {"x":3358,"y":486,"w":220,"h":357},
	"rotated": false,
	"trimmed": true,
	"spriteSourceSize": {"x":697,"y":601,"w":1600,"h":1600},
	"sourceSize": {"w":1600,"h":1600}
},
"BodiesCostume_10030":
{
	"frame": {"x":3588,"y":486,"w":265,"h":371},
	"rotated": false,
	"trimmed": true,
	"spriteSourceSize": {"x":660,"y":589,"w":1600,"h":1600},
	"sourceSize": {"w":1600,"h":1600}
},
"BodiesCostume_10031":
{
	"frame": {"x":4,"y":867,"w":285,"h":359},
	"rotated": false,
	"trimmed": true,
	"spriteSourceSize": {"x":697,"y":599,"w":1600,"h":1600},
	"sourceSize": {"w":1600,"h":1600}
},
"BodiesCostume_10032":
{
	"frame": {"x":299,"y":867,"w":213,"h":339},
	"rotated": false,
	"trimmed": true,
	"spriteSourceSize": {"x":692,"y":626,"w":1600,"h":1600},
	"sourceSize": {"w":1600,"h":1600}
},
"BodiesCostume_10033":
{
	"frame": {"x":522,"y":867,"w":212,"h":357},
	"rotated": false,
	"trimmed": true,
	"spriteSourceSize": {"x":697,"y":601,"w":1600,"h":1600},
	"sourceSize": {"w":1600,"h":1600}
},
"BodiesCostume_10034":
{
	"frame": {"x":744,"y":867,"w":199,"h":306},
	"rotated": false,
	"trimmed": true,
	"spriteSourceSize": {"x":701,"y":644,"w":1600,"h":1600},
	"sourceSize": {"w":1600,"h":1600}
},
"BodiesCostume_10035":
{
	"frame": {"x":953,"y":867,"w":272,"h":357},
	"rotated": false,
	"trimmed": true,
	"spriteSourceSize": {"x":697,"y":601,"w":1600,"h":1600},
	"sourceSize": {"w":1600,"h":1600}
},
"BodiesCostume_10036":
{
	"frame": {"x":1235,"y":867,"w":144,"h":138},
	"rotated": false,
	"trimmed": true,
	"spriteSourceSize": {"x":768,"y":774,"w":1600,"h":1600},
	"sourceSize": {"w":1600,"h":1600}
},
"BodiesCostume_10037":
{
	"frame": {"x":1389,"y":867,"w":103,"h":108},
	"rotated": false,
	"trimmed": true,
	"spriteSourceSize": {"x":755,"y":699,"w":1600,"h":1600},
	"sourceSize": {"w":1600,"h":1600}
},
"BodiesCostume_10038":
{
	"frame": {"x":1502,"y":867,"w":255,"h":341},
	"rotated": false,
	"trimmed": true,
	"spriteSourceSize": {"x":701,"y":627,"w":1600,"h":1600},
	"sourceSize": {"w":1600,"h":1600}
},
"BodiesCostume_10039":
{
	"frame": {"x":1767,"y":867,"w":199,"h":287},
	"rotated": false,
	"trimmed": true,
	"spriteSourceSize": {"x":701,"y":663,"w":1600,"h":1600},
	"sourceSize": {"w":1600,"h":1600}
},
"BodiesCostume_10040":
{
	"frame": {"x":1976,"y":867,"w":272,"h":357},
	"rotated": false,
	"trimmed": true,
	"spriteSourceSize": {"x":697,"y":601,"w":1600,"h":1600},
	"sourceSize": {"w":1600,"h":1600}
},
"BodiesCostume_10041":
{
	"frame": {"x":2258,"y":867,"w":124,"h":79},
	"rotated": false,
	"trimmed": true,
	"spriteSourceSize": {"x":796,"y":752,"w":1600,"h":1600},
	"sourceSize": {"w":1600,"h":1600}
},
"BodiesCostume_10042":
{
	"frame": {"x":2392,"y":867,"w":417,"h":287},
	"rotated": false,
	"trimmed": true,
	"spriteSourceSize": {"x":590,"y":663,"w":1600,"h":1600},
	"sourceSize": {"w":1600,"h":1600}
},
"BodiesCostume_10043":
{
	"frame": {"x":2819,"y":867,"w":213,"h":339},
	"rotated": false,
	"trimmed": true,
	"spriteSourceSize": {"x":692,"y":626,"w":1600,"h":1600},
	"sourceSize": {"w":1600,"h":1600}
},
"BodiesCostume_10044":
{
	"frame": {"x":3042,"y":867,"w":212,"h":357},
	"rotated": false,
	"trimmed": true,
	"spriteSourceSize": {"x":697,"y":601,"w":1600,"h":1600},
	"sourceSize": {"w":1600,"h":1600}
},
"BodiesCostume_10045":
{
	"frame": {"x":1508,"y":4,"w":0,"h":0},
	"rotated": false,
	"trimmed": true,
	"spriteSourceSize": {"x":0,"y":0,"w":1600,"h":1600},
	"sourceSize": {"w":1600,"h":1600}
}},
"meta": {
	"app": "Adobe Animate",
	"version": "24.0.0.305",
	"image": "BodiesCostume_1.png",
	"format": "RGBA8888",
	"size": {"w":4096,"h":2048},
	"scale": "2"
}
}
