﻿{"frames": {

"Background0000":
{
	"frame": {"x":0,"y":0,"w":360,"h":360},
	"rotated": false,
	"trimmed": false,
	"spriteSourceSize": {"x":0,"y":0,"w":360,"h":360},
	"sourceSize": {"w":360,"h":360}
},
"Background0001":
{
	"frame": {"x":363,"y":0,"w":360,"h":360},
	"rotated": false,
	"trimmed": false,
	"spriteSourceSize": {"x":0,"y":0,"w":360,"h":360},
	"sourceSize": {"w":360,"h":360}
}},
"meta": {
	"app": "Adobe Animate",
	"version": "24.0.0.305",
	"image": "Background.png",
	"format": "RGBA8888",
	"size": {"w":1024,"h":512},
	"scale": "1"
}
}
