﻿{"frames": {

"contestantIcons0000":
{
	"frame": {"x":2,"y":2,"w":300,"h":300},
	"rotated": false,
	"trimmed": false,
	"spriteSourceSize": {"x":0,"y":0,"w":300,"h":300},
	"sourceSize": {"w":300,"h":300}
},
"contestantIcons0001":
{
	"frame": {"x":306,"y":2,"w":300,"h":300},
	"rotated": false,
	"trimmed": false,
	"spriteSourceSize": {"x":0,"y":0,"w":300,"h":300},
	"sourceSize": {"w":300,"h":300}
},
"contestantIcons0002":
{
	"frame": {"x":610,"y":2,"w":300,"h":300},
	"rotated": false,
	"trimmed": false,
	"spriteSourceSize": {"x":0,"y":0,"w":300,"h":300},
	"sourceSize": {"w":300,"h":300}
},
"contestantIcons0003":
{
	"frame": {"x":914,"y":2,"w":300,"h":300},
	"rotated": false,
	"trimmed": false,
	"spriteSourceSize": {"x":0,"y":0,"w":300,"h":300},
	"sourceSize": {"w":300,"h":300}
},
"contestantIcons0004":
{
	"frame": {"x":1218,"y":2,"w":300,"h":300},
	"rotated": false,
	"trimmed": false,
	"spriteSourceSize": {"x":0,"y":0,"w":300,"h":300},
	"sourceSize": {"w":300,"h":300}
},
"contestantIcons0005":
{
	"frame": {"x":1522,"y":2,"w":300,"h":300},
	"rotated": false,
	"trimmed": false,
	"spriteSourceSize": {"x":0,"y":0,"w":300,"h":300},
	"sourceSize": {"w":300,"h":300}
},
"contestantIcons0006":
{
	"frame": {"x":1826,"y":2,"w":300,"h":300},
	"rotated": false,
	"trimmed": false,
	"spriteSourceSize": {"x":0,"y":0,"w":300,"h":300},
	"sourceSize": {"w":300,"h":300}
},
"contestantIcons0007":
{
	"frame": {"x":2130,"y":2,"w":300,"h":300},
	"rotated": false,
	"trimmed": false,
	"spriteSourceSize": {"x":0,"y":0,"w":300,"h":300},
	"sourceSize": {"w":300,"h":300}
},
"contestantIcons0008":
{
	"frame": {"x":2434,"y":2,"w":300,"h":300},
	"rotated": false,
	"trimmed": false,
	"spriteSourceSize": {"x":0,"y":0,"w":300,"h":300},
	"sourceSize": {"w":300,"h":300}
},
"contestantIcons0009":
{
	"frame": {"x":2738,"y":2,"w":300,"h":300},
	"rotated": false,
	"trimmed": false,
	"spriteSourceSize": {"x":0,"y":0,"w":300,"h":300},
	"sourceSize": {"w":300,"h":300}
},
"contestantIcons0010":
{
	"frame": {"x":3042,"y":2,"w":300,"h":300},
	"rotated": false,
	"trimmed": false,
	"spriteSourceSize": {"x":0,"y":0,"w":300,"h":300},
	"sourceSize": {"w":300,"h":300}
},
"contestantIcons0011":
{
	"frame": {"x":3346,"y":2,"w":300,"h":300},
	"rotated": false,
	"trimmed": false,
	"spriteSourceSize": {"x":0,"y":0,"w":300,"h":300},
	"sourceSize": {"w":300,"h":300}
},
"contestantIcons0012":
{
	"frame": {"x":3650,"y":2,"w":300,"h":300},
	"rotated": false,
	"trimmed": false,
	"spriteSourceSize": {"x":0,"y":0,"w":300,"h":300},
	"sourceSize": {"w":300,"h":300}
},
"contestantIcons0013":
{
	"frame": {"x":2,"y":306,"w":300,"h":300},
	"rotated": false,
	"trimmed": false,
	"spriteSourceSize": {"x":0,"y":0,"w":300,"h":300},
	"sourceSize": {"w":300,"h":300}
},
"contestantIcons0014":
{
	"frame": {"x":306,"y":306,"w":300,"h":300},
	"rotated": false,
	"trimmed": false,
	"spriteSourceSize": {"x":0,"y":0,"w":300,"h":300},
	"sourceSize": {"w":300,"h":300}
},
"contestantIcons0015":
{
	"frame": {"x":610,"y":306,"w":300,"h":300},
	"rotated": false,
	"trimmed": false,
	"spriteSourceSize": {"x":0,"y":0,"w":300,"h":300},
	"sourceSize": {"w":300,"h":300}
},
"contestantIcons0016":
{
	"frame": {"x":914,"y":306,"w":300,"h":300},
	"rotated": false,
	"trimmed": false,
	"spriteSourceSize": {"x":0,"y":0,"w":300,"h":300},
	"sourceSize": {"w":300,"h":300}
},
"contestantIcons0017":
{
	"frame": {"x":1218,"y":306,"w":300,"h":300},
	"rotated": false,
	"trimmed": false,
	"spriteSourceSize": {"x":0,"y":0,"w":300,"h":300},
	"sourceSize": {"w":300,"h":300}
},
"contestantIcons0018":
{
	"frame": {"x":1522,"y":306,"w":300,"h":300},
	"rotated": false,
	"trimmed": false,
	"spriteSourceSize": {"x":0,"y":0,"w":300,"h":300},
	"sourceSize": {"w":300,"h":300}
},
"contestantIcons0019":
{
	"frame": {"x":1826,"y":306,"w":300,"h":300},
	"rotated": false,
	"trimmed": false,
	"spriteSourceSize": {"x":0,"y":0,"w":300,"h":300},
	"sourceSize": {"w":300,"h":300}
},
"contestantIcons0020":
{
	"frame": {"x":2130,"y":306,"w":300,"h":300},
	"rotated": false,
	"trimmed": false,
	"spriteSourceSize": {"x":0,"y":0,"w":300,"h":300},
	"sourceSize": {"w":300,"h":300}
},
"contestantIcons0021":
{
	"frame": {"x":2434,"y":306,"w":300,"h":300},
	"rotated": false,
	"trimmed": false,
	"spriteSourceSize": {"x":0,"y":0,"w":300,"h":300},
	"sourceSize": {"w":300,"h":300}
},
"contestantIcons0022":
{
	"frame": {"x":2738,"y":306,"w":300,"h":300},
	"rotated": false,
	"trimmed": false,
	"spriteSourceSize": {"x":0,"y":0,"w":300,"h":300},
	"sourceSize": {"w":300,"h":300}
},
"contestantIcons0023":
{
	"frame": {"x":3042,"y":306,"w":300,"h":300},
	"rotated": false,
	"trimmed": false,
	"spriteSourceSize": {"x":0,"y":0,"w":300,"h":300},
	"sourceSize": {"w":300,"h":300}
},
"contestantIcons0024":
{
	"frame": {"x":3346,"y":306,"w":300,"h":300},
	"rotated": false,
	"trimmed": false,
	"spriteSourceSize": {"x":0,"y":0,"w":300,"h":300},
	"sourceSize": {"w":300,"h":300}
},
"contestantIcons0025":
{
	"frame": {"x":3650,"y":306,"w":300,"h":300},
	"rotated": false,
	"trimmed": false,
	"spriteSourceSize": {"x":0,"y":0,"w":300,"h":300},
	"sourceSize": {"w":300,"h":300}
},
"contestantIcons0026":
{
	"frame": {"x":2,"y":610,"w":300,"h":300},
	"rotated": false,
	"trimmed": false,
	"spriteSourceSize": {"x":0,"y":0,"w":300,"h":300},
	"sourceSize": {"w":300,"h":300}
},
"contestantIcons0027":
{
	"frame": {"x":306,"y":610,"w":300,"h":300},
	"rotated": false,
	"trimmed": false,
	"spriteSourceSize": {"x":0,"y":0,"w":300,"h":300},
	"sourceSize": {"w":300,"h":300}
},
"contestantIcons0028":
{
	"frame": {"x":610,"y":610,"w":300,"h":300},
	"rotated": false,
	"trimmed": false,
	"spriteSourceSize": {"x":0,"y":0,"w":300,"h":300},
	"sourceSize": {"w":300,"h":300}
},
"contestantIcons0029":
{
	"frame": {"x":914,"y":610,"w":300,"h":300},
	"rotated": false,
	"trimmed": false,
	"spriteSourceSize": {"x":0,"y":0,"w":300,"h":300},
	"sourceSize": {"w":300,"h":300}
},
"contestantIcons0030":
{
	"frame": {"x":1218,"y":610,"w":300,"h":300},
	"rotated": false,
	"trimmed": false,
	"spriteSourceSize": {"x":0,"y":0,"w":300,"h":300},
	"sourceSize": {"w":300,"h":300}
},
"contestantIcons0031":
{
	"frame": {"x":1522,"y":610,"w":300,"h":300},
	"rotated": false,
	"trimmed": false,
	"spriteSourceSize": {"x":0,"y":0,"w":300,"h":300},
	"sourceSize": {"w":300,"h":300}
},
"contestantIcons0032":
{
	"frame": {"x":1826,"y":610,"w":300,"h":300},
	"rotated": false,
	"trimmed": false,
	"spriteSourceSize": {"x":0,"y":0,"w":300,"h":300},
	"sourceSize": {"w":300,"h":300}
},
"contestantIcons0033":
{
	"frame": {"x":2130,"y":610,"w":300,"h":300},
	"rotated": false,
	"trimmed": false,
	"spriteSourceSize": {"x":0,"y":0,"w":300,"h":300},
	"sourceSize": {"w":300,"h":300}
},
"contestantIcons0034":
{
	"frame": {"x":2434,"y":610,"w":300,"h":300},
	"rotated": false,
	"trimmed": false,
	"spriteSourceSize": {"x":0,"y":0,"w":300,"h":300},
	"sourceSize": {"w":300,"h":300}
},
"contestantIcons0035":
{
	"frame": {"x":2738,"y":610,"w":300,"h":300},
	"rotated": false,
	"trimmed": false,
	"spriteSourceSize": {"x":0,"y":0,"w":300,"h":300},
	"sourceSize": {"w":300,"h":300}
},
"contestantIcons0036":
{
	"frame": {"x":3042,"y":610,"w":300,"h":300},
	"rotated": false,
	"trimmed": false,
	"spriteSourceSize": {"x":0,"y":0,"w":300,"h":300},
	"sourceSize": {"w":300,"h":300}
},
"contestantIcons0037":
{
	"frame": {"x":3346,"y":610,"w":300,"h":300},
	"rotated": false,
	"trimmed": false,
	"spriteSourceSize": {"x":0,"y":0,"w":300,"h":300},
	"sourceSize": {"w":300,"h":300}
},
"contestantIcons0038":
{
	"frame": {"x":3650,"y":610,"w":300,"h":300},
	"rotated": false,
	"trimmed": false,
	"spriteSourceSize": {"x":0,"y":0,"w":300,"h":300},
	"sourceSize": {"w":300,"h":300}
},
"contestantIcons0039":
{
	"frame": {"x":2,"y":914,"w":300,"h":300},
	"rotated": false,
	"trimmed": false,
	"spriteSourceSize": {"x":0,"y":0,"w":300,"h":300},
	"sourceSize": {"w":300,"h":300}
},
"contestantIcons0040":
{
	"frame": {"x":306,"y":914,"w":300,"h":300},
	"rotated": false,
	"trimmed": false,
	"spriteSourceSize": {"x":0,"y":0,"w":300,"h":300},
	"sourceSize": {"w":300,"h":300}
},
"contestantIcons0041":
{
	"frame": {"x":610,"y":914,"w":300,"h":300},
	"rotated": false,
	"trimmed": false,
	"spriteSourceSize": {"x":0,"y":0,"w":300,"h":300},
	"sourceSize": {"w":300,"h":300}
},
"contestantIcons0042":
{
	"frame": {"x":914,"y":914,"w":300,"h":300},
	"rotated": false,
	"trimmed": false,
	"spriteSourceSize": {"x":0,"y":0,"w":300,"h":300},
	"sourceSize": {"w":300,"h":300}
},
"contestantIcons0043":
{
	"frame": {"x":1218,"y":914,"w":300,"h":300},
	"rotated": false,
	"trimmed": false,
	"spriteSourceSize": {"x":0,"y":0,"w":300,"h":300},
	"sourceSize": {"w":300,"h":300}
},
"contestantIcons0044":
{
	"frame": {"x":1522,"y":914,"w":300,"h":300},
	"rotated": false,
	"trimmed": false,
	"spriteSourceSize": {"x":0,"y":0,"w":300,"h":300},
	"sourceSize": {"w":300,"h":300}
},
"contestantIcons0045":
{
	"frame": {"x":1826,"y":914,"w":300,"h":300},
	"rotated": false,
	"trimmed": false,
	"spriteSourceSize": {"x":0,"y":0,"w":300,"h":300},
	"sourceSize": {"w":300,"h":300}
},
"contestantIcons0046":
{
	"frame": {"x":2130,"y":914,"w":300,"h":300},
	"rotated": false,
	"trimmed": false,
	"spriteSourceSize": {"x":0,"y":0,"w":300,"h":300},
	"sourceSize": {"w":300,"h":300}
},
"contestantIcons0047":
{
	"frame": {"x":2434,"y":914,"w":300,"h":300},
	"rotated": false,
	"trimmed": false,
	"spriteSourceSize": {"x":0,"y":0,"w":300,"h":300},
	"sourceSize": {"w":300,"h":300}
},
"contestantIcons0048":
{
	"frame": {"x":2738,"y":914,"w":300,"h":300},
	"rotated": false,
	"trimmed": false,
	"spriteSourceSize": {"x":0,"y":0,"w":300,"h":300},
	"sourceSize": {"w":300,"h":300}
},
"contestantIcons0049":
{
	"frame": {"x":3042,"y":914,"w":300,"h":300},
	"rotated": false,
	"trimmed": false,
	"spriteSourceSize": {"x":0,"y":0,"w":300,"h":300},
	"sourceSize": {"w":300,"h":300}
},
"contestantIcons0050":
{
	"frame": {"x":3346,"y":914,"w":300,"h":300},
	"rotated": false,
	"trimmed": false,
	"spriteSourceSize": {"x":0,"y":0,"w":300,"h":300},
	"sourceSize": {"w":300,"h":300}
},
"contestantIcons0051":
{
	"frame": {"x":3650,"y":914,"w":300,"h":300},
	"rotated": false,
	"trimmed": false,
	"spriteSourceSize": {"x":0,"y":0,"w":300,"h":300},
	"sourceSize": {"w":300,"h":300}
},
"contestantIcons0052":
{
	"frame": {"x":2,"y":1218,"w":300,"h":300},
	"rotated": false,
	"trimmed": false,
	"spriteSourceSize": {"x":0,"y":0,"w":300,"h":300},
	"sourceSize": {"w":300,"h":300}
},
"contestantIcons0053":
{
	"frame": {"x":306,"y":1218,"w":300,"h":300},
	"rotated": false,
	"trimmed": false,
	"spriteSourceSize": {"x":0,"y":0,"w":300,"h":300},
	"sourceSize": {"w":300,"h":300}
},
"contestantIcons0054":
{
	"frame": {"x":610,"y":1218,"w":300,"h":300},
	"rotated": false,
	"trimmed": false,
	"spriteSourceSize": {"x":0,"y":0,"w":300,"h":300},
	"sourceSize": {"w":300,"h":300}
},
"contestantIcons0055":
{
	"frame": {"x":914,"y":1218,"w":300,"h":300},
	"rotated": false,
	"trimmed": false,
	"spriteSourceSize": {"x":0,"y":0,"w":300,"h":300},
	"sourceSize": {"w":300,"h":300}
},
"contestantIcons0056":
{
	"frame": {"x":1218,"y":1218,"w":300,"h":300},
	"rotated": false,
	"trimmed": false,
	"spriteSourceSize": {"x":0,"y":0,"w":300,"h":300},
	"sourceSize": {"w":300,"h":300}
},
"contestantIcons0057":
{
	"frame": {"x":1522,"y":1218,"w":300,"h":300},
	"rotated": false,
	"trimmed": false,
	"spriteSourceSize": {"x":0,"y":0,"w":300,"h":300},
	"sourceSize": {"w":300,"h":300}
},
"contestantIcons0058":
{
	"frame": {"x":1826,"y":1218,"w":300,"h":300},
	"rotated": false,
	"trimmed": false,
	"spriteSourceSize": {"x":0,"y":0,"w":300,"h":300},
	"sourceSize": {"w":300,"h":300}
},
"contestantIcons0059":
{
	"frame": {"x":2130,"y":1218,"w":300,"h":300},
	"rotated": false,
	"trimmed": false,
	"spriteSourceSize": {"x":0,"y":0,"w":300,"h":300},
	"sourceSize": {"w":300,"h":300}
},
"contestantIcons0060":
{
	"frame": {"x":2434,"y":1218,"w":300,"h":300},
	"rotated": false,
	"trimmed": false,
	"spriteSourceSize": {"x":0,"y":0,"w":300,"h":300},
	"sourceSize": {"w":300,"h":300}
},
"contestantIcons0061":
{
	"frame": {"x":2738,"y":1218,"w":300,"h":300},
	"rotated": false,
	"trimmed": false,
	"spriteSourceSize": {"x":0,"y":0,"w":300,"h":300},
	"sourceSize": {"w":300,"h":300}
},
"contestantIcons0062":
{
	"frame": {"x":3042,"y":1218,"w":300,"h":300},
	"rotated": false,
	"trimmed": false,
	"spriteSourceSize": {"x":0,"y":0,"w":300,"h":300},
	"sourceSize": {"w":300,"h":300}
},
"contestantIcons0063":
{
	"frame": {"x":3346,"y":1218,"w":300,"h":300},
	"rotated": false,
	"trimmed": false,
	"spriteSourceSize": {"x":0,"y":0,"w":300,"h":300},
	"sourceSize": {"w":300,"h":300}
}},
"meta": {
	"app": "Adobe Animate",
	"version": "24.0.1.329",
	"image": "contestantIcons.png",
	"format": "RGBA8888",
	"size": {"w":4096,"h":2048},
	"scale": "1"
}
}
