﻿{"frames": {

"EyesCostume250000":
{
	"frame": {"x":4,"y":4,"w":24,"h":34},
	"rotated": false,
	"trimmed": true,
	"spriteSourceSize": {"x":43,"y":36,"w":120,"h":120},
	"sourceSize": {"w":120,"h":120}
},
"EyesCostume250001":
{
	"frame": {"x":38,"y":4,"w":19,"h":33},
	"rotated": false,
	"trimmed": true,
	"spriteSourceSize": {"x":49,"y":37,"w":120,"h":120},
	"sourceSize": {"w":120,"h":120}
},
"EyesCostume250002":
{
	"frame": {"x":67,"y":4,"w":19,"h":31},
	"rotated": false,
	"trimmed": true,
	"spriteSourceSize": {"x":51,"y":39,"w":120,"h":120},
	"sourceSize": {"w":120,"h":120}
},
"EyesCostume250003":
{
	"frame": {"x":96,"y":4,"w":18,"h":33},
	"rotated": false,
	"trimmed": true,
	"spriteSourceSize": {"x":54,"y":37,"w":120,"h":120},
	"sourceSize": {"w":120,"h":120}
},
"EyesCostume250004":
{
	"frame": {"x":124,"y":4,"w":20,"h":31},
	"rotated": false,
	"trimmed": true,
	"spriteSourceSize": {"x":48,"y":40,"w":120,"h":120},
	"sourceSize": {"w":120,"h":120}
},
"EyesCostume250005":
{
	"frame": {"x":154,"y":4,"w":16,"h":18},
	"rotated": false,
	"trimmed": true,
	"spriteSourceSize": {"x":51,"y":52,"w":120,"h":120},
	"sourceSize": {"w":120,"h":120}
},
"EyesCostume250006":
{
	"frame": {"x":180,"y":4,"w":14,"h":20},
	"rotated": false,
	"trimmed": true,
	"spriteSourceSize": {"x":54,"y":50,"w":120,"h":120},
	"sourceSize": {"w":120,"h":120}
},
"EyesCostume250007":
{
	"frame": {"x":204,"y":4,"w":14,"h":20},
	"rotated": false,
	"trimmed": true,
	"spriteSourceSize": {"x":53,"y":50,"w":120,"h":120},
	"sourceSize": {"w":120,"h":120}
},
"EyesCostume250008":
{
	"frame": {"x":228,"y":4,"w":14,"h":20},
	"rotated": false,
	"trimmed": true,
	"spriteSourceSize": {"x":54,"y":50,"w":120,"h":120},
	"sourceSize": {"w":120,"h":120}
},
"EyesCostume250009":
{
	"frame": {"x":4,"y":48,"w":20,"h":31},
	"rotated": false,
	"trimmed": true,
	"spriteSourceSize": {"x":53,"y":40,"w":120,"h":120},
	"sourceSize": {"w":120,"h":120}
},
"EyesCostume250010":
{
	"frame": {"x":34,"y":48,"w":14,"h":20},
	"rotated": false,
	"trimmed": true,
	"spriteSourceSize": {"x":54,"y":50,"w":120,"h":120},
	"sourceSize": {"w":120,"h":120}
},
"EyesCostume250011":
{
	"frame": {"x":58,"y":48,"w":16,"h":18},
	"rotated": false,
	"trimmed": true,
	"spriteSourceSize": {"x":52,"y":52,"w":120,"h":120},
	"sourceSize": {"w":120,"h":120}
},
"EyesCostume250012":
{
	"frame": {"x":84,"y":48,"w":9,"h":19},
	"rotated": false,
	"trimmed": true,
	"spriteSourceSize": {"x":56,"y":51,"w":120,"h":120},
	"sourceSize": {"w":120,"h":120}
},
"EyesCostume250013":
{
	"frame": {"x":103,"y":48,"w":20,"h":27},
	"rotated": false,
	"trimmed": true,
	"spriteSourceSize": {"x":50,"y":43,"w":120,"h":120},
	"sourceSize": {"w":120,"h":120}
},
"EyesCostume250014":
{
	"frame": {"x":133,"y":48,"w":19,"h":27},
	"rotated": false,
	"trimmed": true,
	"spriteSourceSize": {"x":52,"y":43,"w":120,"h":120},
	"sourceSize": {"w":120,"h":120}
},
"EyesCostume250015":
{
	"frame": {"x":162,"y":48,"w":17,"h":25},
	"rotated": false,
	"trimmed": true,
	"spriteSourceSize": {"x":52,"y":45,"w":120,"h":120},
	"sourceSize": {"w":120,"h":120}
},
"EyesCostume250016":
{
	"frame": {"x":189,"y":48,"w":16,"h":17},
	"rotated": false,
	"trimmed": true,
	"spriteSourceSize": {"x":53,"y":53,"w":120,"h":120},
	"sourceSize": {"w":120,"h":120}
},
"EyesCostume250017":
{
	"frame": {"x":215,"y":48,"w":15,"h":17},
	"rotated": false,
	"trimmed": true,
	"spriteSourceSize": {"x":53,"y":53,"w":120,"h":120},
	"sourceSize": {"w":120,"h":120}
},
"EyesCostume250018":
{
	"frame": {"x":4,"y":89,"w":16,"h":17},
	"rotated": false,
	"trimmed": true,
	"spriteSourceSize": {"x":52,"y":53,"w":120,"h":120},
	"sourceSize": {"w":120,"h":120}
},
"EyesCostume250019":
{
	"frame": {"x":30,"y":89,"w":21,"h":15},
	"rotated": false,
	"trimmed": true,
	"spriteSourceSize": {"x":50,"y":51,"w":120,"h":120},
	"sourceSize": {"w":120,"h":120}
},
"EyesCostume250020":
{
	"frame": {"x":61,"y":89,"w":21,"h":15},
	"rotated": false,
	"trimmed": true,
	"spriteSourceSize": {"x":50,"y":51,"w":120,"h":120},
	"sourceSize": {"w":120,"h":120}
},
"EyesCostume250021":
{
	"frame": {"x":92,"y":89,"w":14,"h":26},
	"rotated": false,
	"trimmed": true,
	"spriteSourceSize": {"x":53,"y":42,"w":120,"h":120},
	"sourceSize": {"w":120,"h":120}
},
"EyesCostume250022":
{
	"frame": {"x":116,"y":89,"w":13,"h":26},
	"rotated": false,
	"trimmed": true,
	"spriteSourceSize": {"x":54,"y":49,"w":120,"h":120},
	"sourceSize": {"w":120,"h":120}
},
"EyesCostume250023":
{
	"frame": {"x":139,"y":89,"w":17,"h":14},
	"rotated": false,
	"trimmed": true,
	"spriteSourceSize": {"x":52,"y":55,"w":120,"h":120},
	"sourceSize": {"w":120,"h":120}
},
"EyesCostume250024":
{
	"frame": {"x":166,"y":89,"w":16,"h":17},
	"rotated": false,
	"trimmed": true,
	"spriteSourceSize": {"x":53,"y":51,"w":120,"h":120},
	"sourceSize": {"w":120,"h":120}
},
"EyesCostume250025":
{
	"frame": {"x":192,"y":89,"w":15,"h":17},
	"rotated": false,
	"trimmed": true,
	"spriteSourceSize": {"x":53,"y":51,"w":120,"h":120},
	"sourceSize": {"w":120,"h":120}
},
"EyesCostume250026":
{
	"frame": {"x":217,"y":89,"w":16,"h":17},
	"rotated": false,
	"trimmed": true,
	"spriteSourceSize": {"x":52,"y":51,"w":120,"h":120},
	"sourceSize": {"w":120,"h":120}
},
"EyesCostume250027":
{
	"frame": {"x":4,"y":125,"w":17,"h":13},
	"rotated": false,
	"trimmed": true,
	"spriteSourceSize": {"x":52,"y":54,"w":120,"h":120},
	"sourceSize": {"w":120,"h":120}
},
"EyesCostume250028":
{
	"frame": {"x":31,"y":125,"w":18,"h":13},
	"rotated": false,
	"trimmed": true,
	"spriteSourceSize": {"x":51,"y":54,"w":120,"h":120},
	"sourceSize": {"w":120,"h":120}
},
"EyesCostume250029":
{
	"frame": {"x":59,"y":125,"w":18,"h":11},
	"rotated": false,
	"trimmed": true,
	"spriteSourceSize": {"x":51,"y":55,"w":120,"h":120},
	"sourceSize": {"w":120,"h":120}
},
"EyesCostume250030":
{
	"frame": {"x":87,"y":125,"w":13,"h":19},
	"rotated": false,
	"trimmed": true,
	"spriteSourceSize": {"x":54,"y":51,"w":120,"h":120},
	"sourceSize": {"w":120,"h":120}
},
"EyesCostume250031":
{
	"frame": {"x":110,"y":125,"w":120,"h":120},
	"rotated": false,
	"trimmed": false,
	"spriteSourceSize": {"x":0,"y":0,"w":120,"h":120},
	"sourceSize": {"w":120,"h":120}
}},
"meta": {
	"app": "Adobe Animate",
	"version": "24.0.0.305",
	"image": "EyesCostume25.png",
	"format": "RGBA8888",
	"size": {"w":256,"h":256},
	"scale": "1"
}
}
