﻿{"frames": {

"GameThumbnails0000":
{
	"frame": {"x":4,"y":4,"w":300,"h":300},
	"rotated": false,
	"trimmed": false,
	"spriteSourceSize": {"x":0,"y":0,"w":300,"h":300},
	"sourceSize": {"w":300,"h":300}
},
"GameThumbnails0001":
{
	"frame": {"x":314,"y":4,"w":300,"h":300},
	"rotated": false,
	"trimmed": false,
	"spriteSourceSize": {"x":0,"y":0,"w":300,"h":300},
	"sourceSize": {"w":300,"h":300}
},
"GameThumbnails0002":
{
	"frame": {"x":624,"y":4,"w":300,"h":300},
	"rotated": false,
	"trimmed": false,
	"spriteSourceSize": {"x":0,"y":0,"w":300,"h":300},
	"sourceSize": {"w":300,"h":300}
},
"GameThumbnails0003":
{
	"frame": {"x":4,"y":314,"w":300,"h":300},
	"rotated": false,
	"trimmed": false,
	"spriteSourceSize": {"x":0,"y":0,"w":300,"h":300},
	"sourceSize": {"w":300,"h":300}
},
"GameThumbnails0004":
{
	"frame": {"x":314,"y":314,"w":162,"h":255},
	"rotated": false,
	"trimmed": true,
	"spriteSourceSize": {"x":71,"y":19,"w":300,"h":300},
	"sourceSize": {"w":300,"h":300}
},
"GameThumbnails0005":
{
	"frame": {"x":486,"y":314,"w":300,"h":300},
	"rotated": false,
	"trimmed": false,
	"spriteSourceSize": {"x":0,"y":0,"w":300,"h":300},
	"sourceSize": {"w":300,"h":300}
},
"GameThumbnails0006":
{
	"frame": {"x":4,"y":624,"w":300,"h":300},
	"rotated": false,
	"trimmed": false,
	"spriteSourceSize": {"x":0,"y":0,"w":300,"h":300},
	"sourceSize": {"w":300,"h":300}
},
"GameThumbnails0007":
{
	"frame": {"x":314,"y":624,"w":300,"h":300},
	"rotated": false,
	"trimmed": false,
	"spriteSourceSize": {"x":0,"y":0,"w":300,"h":300},
	"sourceSize": {"w":300,"h":300}
}},
"meta": {
	"app": "Adobe Animate",
	"version": "24.0.0.305",
	"image": "GameThumbnails.png",
	"format": "RGBA8888",
	"size": {"w":1024,"h":1024},
	"scale": "1"
}
}
