﻿{"frames": {

"MouthsCostume250000":
{
	"frame": {"x":4,"y":4,"w":23,"h":23},
	"rotated": false,
	"trimmed": true,
	"spriteSourceSize": {"x":88,"y":77,"w":200,"h":200},
	"sourceSize": {"w":200,"h":200}
},
"MouthsCostume250001":
{
	"frame": {"x":37,"y":4,"w":65,"h":24},
	"rotated": false,
	"trimmed": true,
	"spriteSourceSize": {"x":66,"y":78,"w":200,"h":200},
	"sourceSize": {"w":200,"h":200}
},
"MouthsCostume250002":
{
	"frame": {"x":112,"y":4,"w":60,"h":28},
	"rotated": false,
	"trimmed": true,
	"spriteSourceSize": {"x":73,"y":80,"w":200,"h":200},
	"sourceSize": {"w":200,"h":200}
},
"MouthsCostume250003":
{
	"frame": {"x":182,"y":4,"w":63,"h":51},
	"rotated": false,
	"trimmed": true,
	"spriteSourceSize": {"x":66,"y":66,"w":200,"h":200},
	"sourceSize": {"w":200,"h":200}
},
"MouthsCostume250004":
{
	"frame": {"x":255,"y":4,"w":71,"h":36},
	"rotated": false,
	"trimmed": true,
	"spriteSourceSize": {"x":63,"y":75,"w":200,"h":200},
	"sourceSize": {"w":200,"h":200}
},
"MouthsCostume250005":
{
	"frame": {"x":336,"y":4,"w":73,"h":41},
	"rotated": false,
	"trimmed": true,
	"spriteSourceSize": {"x":61,"y":75,"w":200,"h":200},
	"sourceSize": {"w":200,"h":200}
},
"MouthsCostume250006":
{
	"frame": {"x":419,"y":4,"w":73,"h":45},
	"rotated": false,
	"trimmed": true,
	"spriteSourceSize": {"x":61,"y":74,"w":200,"h":200},
	"sourceSize": {"w":200,"h":200}
},
"MouthsCostume250007":
{
	"frame": {"x":4,"y":65,"w":68,"h":56},
	"rotated": false,
	"trimmed": true,
	"spriteSourceSize": {"x":68,"y":67,"w":200,"h":200},
	"sourceSize": {"w":200,"h":200}
},
"MouthsCostume250008":
{
	"frame": {"x":82,"y":65,"w":63,"h":51},
	"rotated": false,
	"trimmed": true,
	"spriteSourceSize": {"x":66,"y":66,"w":200,"h":200},
	"sourceSize": {"w":200,"h":200}
},
"MouthsCostume250009":
{
	"frame": {"x":155,"y":65,"w":74,"h":36},
	"rotated": false,
	"trimmed": true,
	"spriteSourceSize": {"x":63,"y":75,"w":200,"h":200},
	"sourceSize": {"w":200,"h":200}
},
"MouthsCostume250010":
{
	"frame": {"x":239,"y":65,"w":68,"h":56},
	"rotated": false,
	"trimmed": true,
	"spriteSourceSize": {"x":68,"y":67,"w":200,"h":200},
	"sourceSize": {"w":200,"h":200}
},
"MouthsCostume250011":
{
	"frame": {"x":317,"y":65,"w":74,"h":31},
	"rotated": false,
	"trimmed": true,
	"spriteSourceSize": {"x":63,"y":75,"w":200,"h":200},
	"sourceSize": {"w":200,"h":200}
},
"MouthsCostume250012":
{
	"frame": {"x":401,"y":65,"w":67,"h":9},
	"rotated": false,
	"trimmed": true,
	"spriteSourceSize": {"x":67,"y":84,"w":200,"h":200},
	"sourceSize": {"w":200,"h":200}
},
"MouthsCostume250013":
{
	"frame": {"x":478,"y":65,"w":29,"h":28},
	"rotated": false,
	"trimmed": true,
	"spriteSourceSize": {"x":103,"y":76,"w":200,"h":200},
	"sourceSize": {"w":200,"h":200}
},
"MouthsCostume250014":
{
	"frame": {"x":4,"y":131,"w":22,"h":22},
	"rotated": false,
	"trimmed": true,
	"spriteSourceSize": {"x":113,"y":75,"w":200,"h":200},
	"sourceSize": {"w":200,"h":200}
},
"MouthsCostume250015":
{
	"frame": {"x":36,"y":131,"w":63,"h":27},
	"rotated": false,
	"trimmed": true,
	"spriteSourceSize": {"x":66,"y":79,"w":200,"h":200},
	"sourceSize": {"w":200,"h":200}
},
"MouthsCostume250016":
{
	"frame": {"x":109,"y":131,"w":54,"h":29},
	"rotated": false,
	"trimmed": true,
	"spriteSourceSize": {"x":75,"y":77,"w":200,"h":200},
	"sourceSize": {"w":200,"h":200}
},
"MouthsCostume250017":
{
	"frame": {"x":173,"y":131,"w":63,"h":51},
	"rotated": false,
	"trimmed": true,
	"spriteSourceSize": {"x":66,"y":66,"w":200,"h":200},
	"sourceSize": {"w":200,"h":200}
},
"MouthsCostume250018":
{
	"frame": {"x":246,"y":131,"w":43,"h":24},
	"rotated": false,
	"trimmed": true,
	"spriteSourceSize": {"x":70,"y":79,"w":200,"h":200},
	"sourceSize": {"w":200,"h":200}
},
"MouthsCostume250019":
{
	"frame": {"x":299,"y":131,"w":49,"h":23},
	"rotated": false,
	"trimmed": true,
	"spriteSourceSize": {"x":95,"y":78,"w":200,"h":200},
	"sourceSize": {"w":200,"h":200}
},
"MouthsCostume250020":
{
	"frame": {"x":358,"y":131,"w":66,"h":37},
	"rotated": false,
	"trimmed": true,
	"spriteSourceSize": {"x":68,"y":74,"w":200,"h":200},
	"sourceSize": {"w":200,"h":200}
},
"MouthsCostume250021":
{
	"frame": {"x":434,"y":131,"w":66,"h":37},
	"rotated": false,
	"trimmed": true,
	"spriteSourceSize": {"x":68,"y":74,"w":200,"h":200},
	"sourceSize": {"w":200,"h":200}
},
"MouthsCostume250022":
{
	"frame": {"x":4,"y":192,"w":67,"h":46},
	"rotated": false,
	"trimmed": true,
	"spriteSourceSize": {"x":67,"y":74,"w":200,"h":200},
	"sourceSize": {"w":200,"h":200}
},
"MouthsCostume250023":
{
	"frame": {"x":81,"y":192,"w":67,"h":62},
	"rotated": false,
	"trimmed": true,
	"spriteSourceSize": {"x":68,"y":67,"w":200,"h":200},
	"sourceSize": {"w":200,"h":200}
},
"MouthsCostume250024":
{
	"frame": {"x":158,"y":192,"w":63,"h":51},
	"rotated": false,
	"trimmed": true,
	"spriteSourceSize": {"x":66,"y":66,"w":200,"h":200},
	"sourceSize": {"w":200,"h":200}
},
"MouthsCostume250025":
{
	"frame": {"x":231,"y":192,"w":48,"h":35},
	"rotated": false,
	"trimmed": true,
	"spriteSourceSize": {"x":66,"y":73,"w":200,"h":200},
	"sourceSize": {"w":200,"h":200}
},
"MouthsCostume250026":
{
	"frame": {"x":289,"y":192,"w":67,"h":33},
	"rotated": false,
	"trimmed": true,
	"spriteSourceSize": {"x":68,"y":74,"w":200,"h":200},
	"sourceSize": {"w":200,"h":200}
},
"MouthsCostume250027":
{
	"frame": {"x":366,"y":192,"w":69,"h":63},
	"rotated": false,
	"trimmed": true,
	"spriteSourceSize": {"x":67,"y":67,"w":200,"h":200},
	"sourceSize": {"w":200,"h":200}
},
"MouthsCostume250028":
{
	"frame": {"x":4,"y":265,"w":81,"h":50},
	"rotated": false,
	"trimmed": true,
	"spriteSourceSize": {"x":66,"y":66,"w":200,"h":200},
	"sourceSize": {"w":200,"h":200}
},
"MouthsCostume250029":
{
	"frame": {"x":95,"y":265,"w":66,"h":22},
	"rotated": false,
	"trimmed": true,
	"spriteSourceSize": {"x":69,"y":76,"w":200,"h":200},
	"sourceSize": {"w":200,"h":200}
},
"MouthsCostume250030":
{
	"frame": {"x":171,"y":265,"w":40,"h":26},
	"rotated": false,
	"trimmed": true,
	"spriteSourceSize": {"x":101,"y":77,"w":200,"h":200},
	"sourceSize": {"w":200,"h":200}
},
"MouthsCostume250031":
{
	"frame": {"x":221,"y":265,"w":68,"h":29},
	"rotated": false,
	"trimmed": true,
	"spriteSourceSize": {"x":68,"y":78,"w":200,"h":200},
	"sourceSize": {"w":200,"h":200}
},
"MouthsCostume250032":
{
	"frame": {"x":299,"y":265,"w":200,"h":200},
	"rotated": false,
	"trimmed": false,
	"spriteSourceSize": {"x":0,"y":0,"w":200,"h":200},
	"sourceSize": {"w":200,"h":200}
}},
"meta": {
	"app": "Adobe Animate",
	"version": "24.0.0.305",
	"image": "MouthsCostume25.png",
	"format": "RGBA8888",
	"size": {"w":512,"h":512},
	"scale": "1"
}
}
